timestamp,open,high,low,close,tick_volume
2023-07-25 20:00:00,1.10423,1.10553,1.10355,1.10525,14913
2023-07-26 00:00:00,1.10529,1.10579,1.10442,1.10458,8415
2023-07-26 04:00:00,1.10457,1.10533,1.10377,1.10482,14856
2023-07-26 08:00:00,1.10482,1.10776,1.10475,1.10756,22378
2023-07-26 12:00:00,1.10757,1.10863,1.10574,1.10682,21384
2023-07-26 16:00:00,1.10682,1.10824,1.10574,1.10719,26293
2023-07-26 20:00:00,1.10718,1.11066,1.10564,1.10854,27109
2023-07-27 00:00:00,1.10854,1.10896,1.10747,1.10867,8650
2023-07-27 04:00:00,1.10866,1.11178,1.10866,1.10959,17876
2023-07-27 08:00:00,1.10957,1.11393,1.10879,1.1139000000000001,25103
2023-07-27 12:00:00,1.11391,1.11498,1.10475,1.1059,26725
2023-07-27 16:00:00,1.1059,1.10652,1.09838,1.0990199999999999,35451
2023-07-27 20:00:00,1.09903,1.10103,1.09659,1.09753,26816
2023-07-28 00:00:00,1.09747,1.09837,1.0974,1.09802,9472
2023-07-28 04:00:00,1.09803,1.09882,1.0959699999999999,1.09729,26103
2023-07-28 08:00:00,1.0973,1.09912,1.09434,1.0959699999999999,32136
2023-07-28 12:00:00,1.09598,1.1033,1.09566,1.10092,29002
2023-07-28 16:00:00,1.10092,1.10474,1.09929,1.10255,32063
2023-07-28 20:00:00,1.10254,1.10299,1.10113,1.10113,17162
2023-07-31 00:00:00,1.10193,1.10285,1.10125,1.10222,9474
2023-07-31 04:00:00,1.10221,1.10265,1.10057,1.10059,19285
2023-07-31 08:00:00,1.10058,1.1036,1.10052,1.10338,25830
2023-07-31 12:00:00,1.10343,1.10404,1.10188,1.10282,21371
2023-07-31 16:00:00,1.10279,1.10459,1.10038,1.10072,30752
2023-07-31 20:00:00,1.10071,1.10113,1.09935,1.09962,16556
2023-08-01 00:00:00,1.09926,1.10031,1.09882,1.0989,6904
2023-08-01 04:00:00,1.09889,1.09912,1.09803,1.09903,14791
2023-08-01 08:00:00,1.0990199999999999,1.10005,1.09701,1.09747,24251
2023-08-01 12:00:00,1.09747,1.09847,1.09523,1.09563,24404
2023-08-01 16:00:00,1.09566,1.09889,1.0956,1.09722,28744
2023-08-01 20:00:00,1.09721,1.09852,1.09625,1.0984099999999999,13474
2023-08-02 00:00:00,1.0984,1.10198,1.098,1.09962,15281
2023-08-02 04:00:00,1.09962,1.10072,1.09803,1.09893,19062
2023-08-02 08:00:00,1.09892,1.10007,1.0976,1.09843,29229
2023-08-02 12:00:00,1.09842,1.09873,1.09574,1.09598,27124
2023-08-02 16:00:00,1.0959699999999999,1.09679,1.0918,1.09506,33769
2023-08-02 20:00:00,1.09505,1.09577,1.09347,1.09373,17648
2023-08-03 00:00:00,1.09374,1.09459,1.09357,1.094,7387
2023-08-03 04:00:00,1.09399,1.09493,1.09224,1.09234,17802
2023-08-03 08:00:00,1.09236,1.0943100000000001,1.09122,1.09247,29390
2023-08-03 12:00:00,1.09245,1.09562,1.09215,1.0937999999999999,30174
2023-08-03 16:00:00,1.09379,1.09627,1.09154,1.09552,33552
2023-08-03 20:00:00,1.0955300000000001,1.0957,1.09385,1.09488,13858
2023-08-04 00:00:00,1.09485,1.09555,1.09367,1.09554,8831
2023-08-04 04:00:00,1.09554,1.0961400000000001,1.09491,1.09504,20059
2023-08-04 08:00:00,1.09503,1.09585,1.09377,1.09404,22496
2023-08-04 12:00:00,1.09403,1.09977,1.0935,1.09888,25147
2023-08-04 16:00:00,1.09885,1.1042,1.09861,1.10341,34139
2023-08-04 20:00:00,1.10342,1.1039,1.1001,1.10013,16514
2023-08-07 00:00:00,1.10086,1.10157,1.10008,1.101,10404
2023-08-07 04:00:00,1.10101,1.10101,1.0991900000000001,1.09966,16665
2023-08-07 08:00:00,1.09967,1.09976,1.09708,1.09747,22921
2023-08-07 12:00:00,1.09748,1.09962,1.09654,1.09957,21200
2023-08-07 16:00:00,1.09956,1.10116,1.09857,1.10007,27140
2023-08-07 20:00:00,1.10006,1.10102,1.09955,1.10019,15319
2023-08-08 00:00:00,1.1002,1.10055,1.09895,1.0991900000000001,6903
2023-08-08 04:00:00,1.09918,1.09926,1.09767,1.09923,18155
2023-08-08 08:00:00,1.09922,1.10112,1.0973600000000001,1.09855,24305
2023-08-08 12:00:00,1.09854,1.09865,1.09346,1.0943100000000001,28163
2023-08-08 16:00:00,1.09432,1.09576,1.09289,1.09484,29870
2023-08-08 20:00:00,1.09483,1.09621,1.0948,1.09558,16149
2023-08-09 00:00:00,1.09557,1.09654,1.09482,1.09577,6404
2023-08-09 04:00:00,1.09576,1.09709,1.0955300000000001,1.09669,17112
2023-08-09 08:00:00,1.09669,1.09888,1.09669,1.09838,20558
2023-08-09 12:00:00,1.09837,1.09872,1.09621,1.09816,21789
2023-08-09 16:00:00,1.09817,1.09953,1.09715,1.09786,28078
2023-08-09 20:00:00,1.09785,1.09916,1.09712,1.09735,15283
2023-08-10 00:00:00,1.0973600000000001,1.0979,1.09657,1.0971,6160
2023-08-10 04:00:00,1.09711,1.09882,1.09676,1.09794,13773
2023-08-10 08:00:00,1.09795,1.10262,1.09787,1.10184,22538
2023-08-10 12:00:00,1.10186,1.10648,1.10108,1.10421,23237
2023-08-10 16:00:00,1.10418,1.10457,1.10076,1.10133,34448
2023-08-10 20:00:00,1.10133,1.10143,1.0976,1.09801,23690
2023-08-11 00:00:00,1.09801,1.09892,1.0977,1.09881,6550
2023-08-11 04:00:00,1.09882,1.09979,1.09837,1.09853,15968
2023-08-11 08:00:00,1.09854,1.10031,1.0984099999999999,1.09996,21679
2023-08-11 12:00:00,1.09995,1.1005,1.0965799999999999,1.09682,24703
2023-08-11 16:00:00,1.0968,1.09837,1.09455,1.09464,32370
2023-08-11 20:00:00,1.09465,1.09557,1.0942,1.09424,17300
2023-08-14 00:00:00,1.09458,1.09524,1.0936,1.09372,7369
2023-08-14 04:00:00,1.09371,1.09409,1.09291,1.09357,20525
2023-08-14 08:00:00,1.09357,1.09603,1.09261,1.09463,23936
2023-08-14 12:00:00,1.09464,1.09531,1.0902,1.09057,24553
2023-08-14 16:00:00,1.09058,1.0936,1.08747,1.09283,32887
2023-08-14 20:00:00,1.09284,1.09312,1.09027,1.09051,17192
2023-08-15 00:00:00,1.09049,1.09095,1.09001,1.09074,6923
2023-08-15 04:00:00,1.0907499999999999,1.09177,1.09003,1.09103,18408
2023-08-15 08:00:00,1.09102,1.09343,1.09063,1.09279,27093
2023-08-15 12:00:00,1.09279,1.09448,1.08969,1.09218,28540
2023-08-15 16:00:00,1.0922,1.09523,1.09149,1.09179,33024
2023-08-15 20:00:00,1.0918,1.09211,1.08991,1.09017,15555
2023-08-16 00:00:00,1.09018,1.0907,1.08969,1.09032,6898
2023-08-16 04:00:00,1.0903,1.0913599999999999,1.08988,1.09135,19403
2023-08-16 08:00:00,1.0913599999999999,1.09345,1.09105,1.09281,24215
2023-08-16 12:00:00,1.09279,1.09326,1.09021,1.09023,23263
2023-08-16 16:00:00,1.09022,1.09234,1.08862,1.08868,31863
2023-08-16 20:00:00,1.08868,1.09001,1.08715,1.08785,23984
2023-08-17 00:00:00,1.08784,1.08833,1.08664,1.08695,7855
2023-08-17 04:00:00,1.08696,1.08706,1.08618,1.08685,17775
2023-08-17 08:00:00,1.08686,1.08868,1.08626,1.0873,24650
2023-08-17 12:00:00,1.08727,1.0918,1.08637,1.09062,28214
2023-08-17 16:00:00,1.09063,1.09178,1.08668,1.08779,32234
2023-08-17 20:00:00,1.0878,1.08784,1.08564,1.08715,19333
2023-08-18 00:00:00,1.08715,1.08921,1.08641,1.08897,7919
2023-08-18 04:00:00,1.08898,1.08939,1.08801,1.08824,18755
2023-08-18 08:00:00,1.08826,1.08872,1.08636,1.08676,24598
2023-08-18 12:00:00,1.0867499999999999,1.08763,1.08449,1.08555,24880
2023-08-18 16:00:00,1.08556,1.08815,1.08529,1.08732,31599
2023-08-18 20:00:00,1.08733,1.08813,1.08681,1.08689,15523
2023-08-21 00:00:00,1.0864,1.08843,1.0864,1.08797,5968
2023-08-21 04:00:00,1.08797,1.0884,1.08696,1.08813,14533
2023-08-21 08:00:00,1.08812,1.08896,1.08722,1.08861,20054
2023-08-21 12:00:00,1.08862,1.09137,1.08855,1.08983,21974
2023-08-21 16:00:00,1.08985,1.09043,1.08753,1.09017,26173
2023-08-21 20:00:00,1.09015,1.09033,1.08928,1.0895299999999999,11822
2023-08-22 00:00:00,1.0895299999999999,1.09017,1.0889199999999999,1.09005,5785
2023-08-22 04:00:00,1.09005,1.09169,1.0898,1.0909200000000001,13928
2023-08-22 08:00:00,1.09093,1.09303,1.09046,1.09099,21231
2023-08-22 12:00:00,1.091,1.09125,1.08647,1.08661,22230
2023-08-22 16:00:00,1.08662,1.08712,1.08329,1.08495,26849
2023-08-22 20:00:00,1.08494,1.0855299999999999,1.08434,1.0844,12798
2023-08-23 00:00:00,1.0844,1.08535,1.0842,1.08473,4925
2023-08-23 04:00:00,1.08472,1.08608,1.08446,1.08606,14267
2023-08-23 08:00:00,1.08607,1.08714,1.08116,1.08189,23840
2023-08-23 12:00:00,1.0819,1.08205,1.08024,1.08042,22766
2023-08-23 16:00:00,1.08043,1.08682,1.08035,1.08629,28411
2023-08-23 20:00:00,1.08628,1.08701,1.08557,1.0862,13874
2023-08-24 00:00:00,1.0862,1.08754,1.0861,1.08697,7292
2023-08-24 04:00:00,1.08696,1.08712,1.08584,1.08698,13458
2023-08-24 08:00:00,1.08699,1.08766,1.08519,1.0862,21183
2023-08-24 12:00:00,1.0862,1.08636,1.08142,1.08207,22916
2023-08-24 16:00:00,1.08208,1.08488,1.08179,1.08213,27444
2023-08-24 20:00:00,1.08214,1.08241,1.08051,1.08098,16047
2023-08-25 00:00:00,1.08101,1.08159,1.07922,1.07947,7479
2023-08-25 04:00:00,1.07946,1.07952,1.07766,1.07827,12808
2023-08-25 08:00:00,1.07826,1.0792,1.0766,1.07865,20719
2023-08-25 12:00:00,1.07864,1.0817,1.07846,1.0812599999999999,19514
2023-08-25 16:00:00,1.0812599999999999,1.08417,1.07658,1.07964,32885
2023-08-25 20:00:00,1.07965,1.0812599999999999,1.07908,1.07943,14822
2023-08-28 00:00:00,1.07957,1.08048,1.07933,1.08024,8363
2023-08-28 04:00:00,1.08025,1.08114,1.08014,1.08077,12914
2023-08-28 08:00:00,1.08078,1.08208,1.07994,1.08007,14811
2023-08-28 12:00:00,1.08008,1.08221,1.08001,1.08103,16725
2023-08-28 16:00:00,1.08104,1.0814,1.07988,1.08077,23247
2023-08-28 20:00:00,1.08076,1.08201,1.0804,1.08184,12039
2023-08-29 00:00:00,1.08186,1.08317,1.08119,1.08238,6548
2023-08-29 04:00:00,1.08239,1.08385,1.08234,1.08244,11612
2023-08-29 08:00:00,1.08243,1.08297,1.08083,1.08102,18533
2023-08-29 12:00:00,1.08101,1.08163,1.07861,1.07923,21206
2023-08-29 16:00:00,1.07922,1.08642,1.0782,1.08627,31595
2023-08-29 20:00:00,1.08628,1.0892,1.0860400000000001,1.08795,16961
2023-08-30 00:00:00,1.08795,1.08851,1.08671,1.08699,7239
2023-08-30 04:00:00,1.08699,1.08723,1.0860400000000001,1.08608,13738
2023-08-30 08:00:00,1.08607,1.08767,1.0855,1.08674,21135
2023-08-30 12:00:00,1.08674,1.09257,1.08662,1.0921,23287
2023-08-30 16:00:00,1.0921,1.09454,1.09129,1.09259,28600
2023-08-30 20:00:00,1.0926,1.09328,1.09169,1.09225,12952
2023-08-31 00:00:00,1.09228,1.0934,1.09186,1.09332,6136
2023-08-31 04:00:00,1.09331,1.09395,1.09183,1.09188,10532
2023-08-31 08:00:00,1.09187,1.09244,1.08771,1.08777,19891
2023-08-31 12:00:00,1.08777,1.0885,1.08573,1.08742,24257
2023-08-31 16:00:00,1.08743,1.08746,1.08352,1.0838700000000001,27470
2023-08-31 20:00:00,1.08388,1.0854300000000001,1.08366,1.08427,12446
2023-09-01 00:00:00,1.08428,1.08453,1.0836,1.08378,6416
2023-09-01 04:00:00,1.08379,1.08541,1.08377,1.08466,10932
2023-09-01 08:00:00,1.08465,1.08597,1.08283,1.08486,18434
2023-09-01 12:00:00,1.08484,1.08817,1.08325,1.0864,21367
2023-09-01 16:00:00,1.08642,1.08811,1.078,1.07839,32503
2023-09-01 20:00:00,1.0784,1.07892,1.0771600000000001,1.07722,10438
2023-09-04 00:00:00,1.07752,1.07807,1.0771600000000001,1.07786,4962
2023-09-04 04:00:00,1.0778699999999999,1.07874,1.07747,1.07869,10635
2023-09-04 08:00:00,1.07871,1.08069,1.07835,1.07979,15428
2023-09-04 12:00:00,1.0798,1.08089,1.07924,1.07974,13614
2023-09-04 16:00:00,1.07975,1.08054,1.07833,1.07939,11014
2023-09-04 20:00:00,1.0794,1.07971,1.07929,1.07938,2154
2023-09-05 00:00:00,1.07931,1.0798,1.07886,1.07932,4088
2023-09-05 04:00:00,1.07933,1.07984,1.07809,1.07923,9956
2023-09-05 08:00:00,1.07924,1.07937,1.07419,1.07483,22358
2023-09-05 12:00:00,1.07483,1.07572,1.07164,1.07437,21523
2023-09-05 16:00:00,1.07441,1.07488,1.07064,1.07296,29492
2023-09-05 20:00:00,1.07297,1.07314,1.07191,1.07216,11459
2023-09-06 00:00:00,1.07217,1.07284,1.07152,1.0719400000000001,5434
2023-09-06 04:00:00,1.07195,1.07361,1.07132,1.0735999999999999,11922
2023-09-06 08:00:00,1.07361,1.07481,1.07234,1.07341,21200
2023-09-06 12:00:00,1.07342,1.07489,1.07247,1.07369,19318
2023-09-06 16:00:00,1.0737,1.07403,1.07024,1.07209,27904
2023-09-06 20:00:00,1.0721,1.07296,1.072,1.07265,10548
2023-09-07 00:00:00,1.07198,1.07276,1.07191,1.07222,4824
2023-09-07 04:00:00,1.07222,1.07319,1.0718,1.07192,9522
2023-09-07 08:00:00,1.07193,1.07256,1.07078,1.07103,20240
2023-09-07 12:00:00,1.07106,1.07179,1.06861,1.06934,20841
2023-09-07 16:00:00,1.06932,1.07099,1.06864,1.07041,24946
2023-09-07 20:00:00,1.07042,1.07096,1.06939,1.06959,10381
2023-09-08 00:00:00,1.06961,1.07152,1.06942,1.0714299999999999,5722
2023-09-08 04:00:00,1.07142,1.07231,1.07049,1.07135,10701
2023-09-08 08:00:00,1.07136,1.07281,1.07076,1.07118,18829
2023-09-08 12:00:00,1.07117,1.07135,1.06942,1.07025,20754
2023-09-08 16:00:00,1.07025,1.07436,1.06994,1.07046,24116
2023-09-08 20:00:00,1.07045,1.07108,1.0697,1.06986,11214
2023-09-11 00:00:00,1.07144,1.0721,1.07078,1.07134,7894
2023-09-11 04:00:00,1.0713300000000001,1.0737700000000001,1.07103,1.07354,13652
2023-09-11 08:00:00,1.07354,1.07414,1.07222,1.07285,19895
2023-09-11 12:00:00,1.07285,1.07344,1.07154,1.07275,18230
2023-09-11 16:00:00,1.07275,1.07593,1.07222,1.07512,22222
2023-09-11 20:00:00,1.07513,1.07524,1.07442,1.07498,10376
2023-09-12 00:00:00,1.0749900000000001,1.07531,1.07424,1.0744,4116
2023-09-12 04:00:00,1.07439,1.07688,1.07376,1.07392,10628
2023-09-12 08:00:00,1.07393,1.07409,1.0712,1.07145,16859
2023-09-12 12:00:00,1.07144,1.07261,1.07057,1.07074,17809
2023-09-12 16:00:00,1.0707200000000001,1.07376,1.07054,1.07233,19836
2023-09-12 20:00:00,1.07234,1.07648,1.07232,1.07533,11777
2023-09-13 00:00:00,1.07535,1.07642,1.07498,1.07594,4885
2023-09-13 04:00:00,1.07595,1.0765,1.07445,1.07524,9661
2023-09-13 08:00:00,1.07525,1.07546,1.0731,1.07351,18407
2023-09-13 12:00:00,1.0735,1.07614,1.07108,1.07478,21483
2023-09-13 16:00:00,1.07476,1.0756000000000001,1.07271,1.07407,28629
2023-09-13 20:00:00,1.07408,1.07493,1.07279,1.07292,12133
2023-09-14 00:00:00,1.07292,1.07424,1.07284,1.074,6051
2023-09-14 04:00:00,1.07401,1.0749,1.07319,1.07472,10339
2023-09-14 08:00:00,1.07473,1.07522,1.07322,1.07341,15229
2023-09-14 12:00:00,1.0734,1.07474,1.06549,1.06766,22752
2023-09-14 16:00:00,1.0676,1.06973,1.06451,1.06486,30355
2023-09-14 20:00:00,1.06487,1.06509,1.06318,1.06425,13910
2023-09-15 00:00:00,1.06427,1.06439,1.06341,1.06423,5388
2023-09-15 04:00:00,1.06424,1.06537,1.06332,1.06535,10400
2023-09-15 08:00:00,1.06534,1.06689,1.06487,1.06656,19004
2023-09-15 12:00:00,1.06656,1.06694,1.06451,1.06503,16167
2023-09-15 16:00:00,1.06505,1.06879,1.06497,1.06723,26334
2023-09-15 20:00:00,1.06725,1.06764,1.06556,1.06595,10695
2023-09-18 00:00:00,1.06576,1.0672,1.06573,1.06717,5010
2023-09-18 04:00:00,1.06718,1.0674,1.06609,1.06688,8357
2023-09-18 08:00:00,1.06689,1.06778,1.06561,1.06641,14944
2023-09-18 12:00:00,1.06642,1.0675,1.06559,1.06569,14898
2023-09-18 16:00:00,1.06567,1.06987,1.06546,1.06923,21694
2023-09-18 20:00:00,1.06924,1.0698,1.0678,1.06914,11347
2023-09-19 00:00:00,1.06913,1.06968,1.06823,1.06886,4227
2023-09-19 04:00:00,1.06885,1.06897,1.06789,1.06801,6996
2023-09-19 08:00:00,1.06802,1.06954,1.0675,1.06865,14814
2023-09-19 12:00:00,1.06862,1.07181,1.0682,1.06998,17862
2023-09-19 16:00:00,1.06997,1.07014,1.06784,1.06848,20401
2023-09-19 20:00:00,1.06849,1.06918,1.06761,1.06788,9733
2023-09-20 00:00:00,1.06788,1.06859,1.06756,1.06849,4524
2023-09-20 04:00:00,1.06848,1.0689899999999999,1.06782,1.06786,6762
2023-09-20 08:00:00,1.06787,1.06971,1.06729,1.06964,16901
2023-09-20 12:00:00,1.06965,1.07051,1.06923,1.06979,13879
2023-09-20 16:00:00,1.06979,1.0737,1.06971,1.07353,21863
2023-09-20 20:00:00,1.07352,1.07355,1.06501,1.06604,25923
2023-09-21 00:00:00,1.06574,1.06646,1.06299,1.06313,7567
2023-09-21 04:00:00,1.06314,1.06415,1.06168,1.06371,11937
2023-09-21 08:00:00,1.06372,1.06638,1.06326,1.06556,19477
2023-09-21 12:00:00,1.06557,1.06646,1.06242,1.06421,24466
2023-09-21 16:00:00,1.0642,1.06737,1.06378,1.06558,27540
2023-09-21 20:00:00,1.06559,1.0671,1.06556,1.06612,12881
2023-09-22 00:00:00,1.06586,1.06638,1.06535,1.06575,5734
2023-09-22 04:00:00,1.06574,1.06577,1.0641,1.06548,10651
2023-09-22 08:00:00,1.06547,1.06679,1.06149,1.06462,21195
2023-09-22 12:00:00,1.06464,1.06608,1.0634,1.06556,17936
2023-09-22 16:00:00,1.06557,1.06719,1.06421,1.06558,21854
2023-09-22 20:00:00,1.06557,1.06616,1.06393,1.0642,11091
2023-09-25 00:00:00,1.06505,1.06557,1.06417,1.06547,6127
2023-09-25 04:00:00,1.06548,1.0655000000000001,1.06431,1.0648900000000001,8333
2023-09-25 08:00:00,1.0649,1.06532,1.06241,1.06258,17603
2023-09-25 12:00:00,1.06259,1.06436,1.06192,1.06221,17954
2023-09-25 16:00:00,1.06222,1.06245,1.05753,1.05892,23843
2023-09-25 20:00:00,1.05893,1.05988,1.05855,1.05927,9854
2023-09-26 00:00:00,1.05926,1.05968,1.05806,1.05844,7043
2023-09-26 04:00:00,1.0584500000000001,1.0593,1.0578400000000001,1.05926,9159
2023-09-26 08:00:00,1.05926,1.06002,1.05699,1.05961,18057
2023-09-26 12:00:00,1.05963,1.0609,1.05894,1.06058,17619
2023-09-26 16:00:00,1.06057,1.06065,1.05676,1.05692,24572
2023-09-26 20:00:00,1.05693,1.05762,1.05621,1.05717,11544
2023-09-27 00:00:00,1.0572,1.05743,1.0556,1.05599,6484
2023-09-27 04:00:00,1.056,1.05702,1.05571,1.05603,11704
2023-09-27 08:00:00,1.05604,1.0574,1.05548,1.056,17797
2023-09-27 12:00:00,1.05599,1.05637,1.05343,1.05466,21945
2023-09-27 16:00:00,1.05466,1.05489,1.05007,1.05031,31381
2023-09-27 20:00:00,1.0503,1.05187,1.04879,1.0501800000000001,21428
2023-09-28 00:00:00,1.05019,1.05155,1.04995,1.05153,5904
2023-09-28 04:00:00,1.05154,1.05162,1.04967,1.05042,9942
2023-09-28 08:00:00,1.05042,1.05241,1.0491,1.05167,20489
2023-09-28 12:00:00,1.05168,1.05571,1.05153,1.05181,24881
2023-09-28 16:00:00,1.0518,1.05788,1.05177,1.05578,31236
2023-09-28 20:00:00,1.0558,1.05675,1.05498,1.0565,15367
2023-09-29 00:00:00,1.05649,1.05677,1.05577,1.05643,4952
2023-09-29 04:00:00,1.05642,1.0583,1.05621,1.05802,8778
2023-09-29 08:00:00,1.05801,1.06163,1.0574,1.06092,21382
2023-09-29 12:00:00,1.06089,1.06171,1.05881,1.05998,22697
2023-09-29 16:00:00,1.06,1.06073,1.05698,1.05778,31526
2023-09-29 20:00:00,1.05777,1.05795,1.05639,1.0569,17483
2023-10-02 00:00:00,1.05658,1.05714,1.05577,1.05642,7420
2023-10-02 04:00:00,1.05643,1.05713,1.05641,1.05688,6220
2023-10-02 08:00:00,1.05687,1.05919,1.056,1.05623,17812
2023-10-02 12:00:00,1.05622,1.05628,1.05249,1.05293,21244
2023-10-02 16:00:00,1.05293,1.05326,1.04883,1.04893,30110
2023-10-02 20:00:00,1.04893,1.05052,1.04768,1.0477,14092
2023-10-03 00:00:00,1.0477,1.04829,1.04642,1.04726,7163
2023-10-03 04:00:00,1.04725,1.04748,1.04598,1.04635,8922
2023-10-03 08:00:00,1.04634,1.04934,1.04609,1.04855,18557
2023-10-03 12:00:00,1.04856,1.04912,1.04621,1.04662,21557
2023-10-03 16:00:00,1.04663,1.04858,1.04482,1.04624,34892
2023-10-03 20:00:00,1.04622,1.04796,1.04594,1.04659,16967
2023-10-04 00:00:00,1.04661,1.04757,1.04628,1.04715,5700
2023-10-04 04:00:00,1.04714,1.04719,1.04571,1.04701,9894
2023-10-04 08:00:00,1.047,1.04888,1.04512,1.04862,19491
2023-10-04 12:00:00,1.04861,1.0532,1.04848,1.05251,25624
2023-10-04 16:00:00,1.05252,1.05259,1.04828,1.05124,32109
2023-10-04 20:00:00,1.05122,1.05195,1.04978,1.05035,17096
2023-10-05 00:00:00,1.05033,1.05222,1.05015,1.05204,5298
2023-10-05 04:00:00,1.05205,1.0529,1.05202,1.05207,11009
2023-10-05 08:00:00,1.05206,1.0526200000000001,1.05014,1.05042,18467
2023-10-05 12:00:00,1.05043,1.05298,1.05,1.05153,23034
2023-10-05 16:00:00,1.0515,1.054,1.0507900000000001,1.05359,32667
2023-10-05 20:00:00,1.0536,1.05519,1.05289,1.05478,17001
2023-10-06 00:00:00,1.05476,1.0551,1.05412,1.05418,5379
2023-10-06 04:00:00,1.05417,1.05475,1.05381,1.05405,9164
2023-10-06 08:00:00,1.05405,1.05532,1.05315,1.05483,17658
2023-10-06 12:00:00,1.05483,1.05683,1.04824,1.04961,23542
2023-10-06 16:00:00,1.04963,1.05999,1.04882,1.05792,38636
2023-10-06 20:00:00,1.05792,1.05995,1.05771,1.05859,16642
2023-10-09 00:00:00,1.05512,1.05744,1.05492,1.05737,10567
2023-10-09 04:00:00,1.05736,1.05742,1.05479,1.05502,10353
2023-10-09 08:00:00,1.05504,1.05587,1.05194,1.05418,21626
2023-10-09 12:00:00,1.05419,1.05452,1.05225,1.05332,18765
2023-10-09 16:00:00,1.05329,1.05576,1.05325,1.05353,26074
2023-10-09 20:00:00,1.05355,1.05724,1.05353,1.05663,17149
2023-10-10 00:00:00,1.05662,1.05835,1.05599,1.05727,8851
2023-10-10 04:00:00,1.05729,1.05807,1.05607,1.05615,12585
2023-10-10 08:00:00,1.05614,1.06095,1.05543,1.06044,23602
2023-10-10 12:00:00,1.06044,1.06112,1.05717,1.05934,25919
2023-10-10 16:00:00,1.05933,1.06198,1.05847,1.06172,30394
2023-10-10 20:00:00,1.06172,1.06185,1.05923,1.06048,17919
2023-10-11 00:00:00,1.06049,1.06144,1.05981,1.06107,5695
2023-10-11 04:00:00,1.06106,1.06124,1.06012,1.0602800000000001,9505
2023-10-11 08:00:00,1.0602800000000001,1.06282,1.05933,1.06085,21317
2023-10-11 12:00:00,1.06085,1.06149,1.05808,1.06144,23056
2023-10-11 16:00:00,1.06145,1.06346,1.05996,1.06074,29365
2023-10-11 20:00:00,1.06073,1.06204,1.05848,1.06193,14930
2023-10-12 00:00:00,1.06194,1.06281,1.06097,1.06225,5942
2023-10-12 04:00:00,1.06227,1.06319,1.06201,1.0631,9378
2023-10-12 08:00:00,1.0631,1.06397,1.06194,1.06263,16932
2023-10-12 12:00:00,1.06264,1.06275,1.05717,1.05816,20486
2023-10-12 16:00:00,1.05817,1.05862,1.05442,1.05486,31133
2023-10-12 20:00:00,1.05486,1.05492,1.05256,1.05276,18881
2023-10-13 00:00:00,1.05278,1.05397,1.05255,1.05391,6567
2023-10-13 04:00:00,1.0539,1.05501,1.05374,1.05499,9839
2023-10-13 08:00:00,1.055,1.05585,1.05315,1.05537,20208
2023-10-13 12:00:00,1.05537,1.05547,1.05139,1.05374,23107
2023-10-13 16:00:00,1.05374,1.05411,1.04953,1.05092,30644
2023-10-13 20:00:00,1.05093,1.05158,1.05007,1.05075,16998
2023-10-16 00:00:00,1.05086,1.05256,1.05078,1.05177,7422
2023-10-16 04:00:00,1.05179,1.0527,1.05179,1.0526,9075
2023-10-16 08:00:00,1.0526200000000001,1.05427,1.05229,1.05408,19543
2023-10-16 12:00:00,1.05408,1.05458,1.05261,1.05417,20043
2023-10-16 16:00:00,1.05418,1.05554,1.05256,1.05473,24552
2023-10-16 20:00:00,1.05475,1.05629,1.05437,1.05598,11987
2023-10-17 00:00:00,1.05598,1.05618,1.0553,1.05557,5651
2023-10-17 04:00:00,1.05558,1.0556,1.05454,1.05475,9170
2023-10-17 08:00:00,1.05476,1.05549,1.05328,1.05359,17425
2023-10-17 12:00:00,1.0536,1.05793,1.0536,1.05473,23062
2023-10-17 16:00:00,1.05472,1.0594999999999999,1.05397,1.05797,29716
2023-10-17 20:00:00,1.05796,1.05812,1.0564,1.0576699999999999,14938
2023-10-18 00:00:00,1.05768,1.05773,1.05605,1.05645,5109
2023-10-18 04:00:00,1.05644,1.05791,1.05613,1.05756,10102
2023-10-18 08:00:00,1.05757,1.05943,1.05704,1.05832,19101
2023-10-18 12:00:00,1.05831,1.05868,1.05491,1.0557,22535
2023-10-18 16:00:00,1.05571,1.05642,1.05232,1.05369,31322
2023-10-18 20:00:00,1.0537,1.05536,1.05316,1.05361,16541
2023-10-19 00:00:00,1.05361,1.05399,1.05318,1.05391,5620
2023-10-19 04:00:00,1.05392,1.05421,1.05306,1.05336,10656
2023-10-19 08:00:00,1.05337,1.05481,1.05283,1.05358,18032
2023-10-19 12:00:00,1.0536,1.05797,1.05351,1.05763,21857
2023-10-19 16:00:00,1.05763,1.06163,1.05559,1.05963,35424
2023-10-19 20:00:00,1.05964,1.06065,1.05781,1.05819,24138
2023-10-20 00:00:00,1.05821,1.05867,1.05737,1.05761,6198
2023-10-20 04:00:00,1.0576,1.058,1.05684,1.05754,10112
2023-10-20 08:00:00,1.05755,1.05954,1.05649,1.05879,18465
2023-10-20 12:00:00,1.05878,1.05992,1.05652,1.05839,20602
2023-10-20 16:00:00,1.05838,1.06007,1.05722,1.05895,28102
2023-10-20 20:00:00,1.05896,1.06036,1.05865,1.05936,14930
2023-10-23 00:00:00,1.05951,1.05969,1.05841,1.05872,5850
2023-10-23 04:00:00,1.05871,1.05873,1.05733,1.05763,8472
2023-10-23 08:00:00,1.05762,1.06104,1.05715,1.06026,16877
2023-10-23 12:00:00,1.0602800000000001,1.06186,1.05903,1.06098,20569
2023-10-23 16:00:00,1.06099,1.06646,1.05909,1.06645,28990
2023-10-23 20:00:00,1.06644,1.0677699999999999,1.06596,1.0669,15668
2023-10-24 00:00:00,1.06645,1.06735,1.06639,1.06723,6282
2023-10-24 04:00:00,1.06723,1.06873,1.06678,1.06791,10709
2023-10-24 08:00:00,1.06792,1.06939,1.06441,1.06503,20596
2023-10-24 12:00:00,1.06505,1.06512,1.06122,1.06158,20391
2023-10-24 16:00:00,1.06154,1.06244,1.05829,1.05868,28379
2023-10-24 20:00:00,1.05868,1.05944,1.05844,1.05895,13396
2023-10-25 00:00:00,1.05894,1.05988,1.05852,1.05926,6041
2023-10-25 04:00:00,1.05928,1.06064,1.05919,1.06062,10213
2023-10-25 08:00:00,1.06064,1.06069,1.05783,1.05852,15211
2023-10-25 12:00:00,1.05853,1.05853,1.05659,1.05749,17912
2023-10-25 16:00:00,1.05751,1.05957,1.05668,1.05746,30101
2023-10-25 20:00:00,1.05747,1.0576699999999999,1.05656,1.05656,18347
2023-10-26 00:00:00,1.05656,1.05693,1.05576,1.05597,6016
2023-10-26 04:00:00,1.05596,1.05615,1.05413,1.05456,9953
2023-10-26 08:00:00,1.05456,1.05526,1.05329,1.05455,18092
2023-10-26 12:00:00,1.05455,1.0559,1.05217,1.0559,20523
2023-10-26 16:00:00,1.05593,1.05602,1.05249,1.05285,32231
2023-10-26 20:00:00,1.05285,1.05647,1.05281,1.05617,18992
2023-10-27 00:00:00,1.05621,1.05657,1.05546,1.0558,6496
2023-10-27 04:00:00,1.05577,1.0568,1.05524,1.05672,7415
2023-10-27 08:00:00,1.05673,1.057,1.0552,1.0562,15114
2023-10-27 12:00:00,1.05619,1.05693,1.05353,1.05559,18710
2023-10-27 16:00:00,1.05558,1.05971,1.05553,1.05829,29290
2023-10-27 20:00:00,1.0582799999999999,1.0583,1.05573,1.0564,21039
2023-10-30 00:00:00,1.05647,1.05712,1.05553,1.05626,5811
2023-10-30 04:00:00,1.05627,1.05659,1.05584,1.0561,7899
2023-10-30 08:00:00,1.05611,1.05677,1.05471,1.056,13188
2023-10-30 12:00:00,1.05599,1.06085,1.05598,1.06069,19400
2023-10-30 16:00:00,1.06068,1.06251,1.05907,1.06073,28130
2023-10-30 20:00:00,1.06073,1.06217,1.06003,1.06144,11634
2023-10-31 00:00:00,1.061,1.06172,1.06094,1.06116,4200
2023-10-31 04:00:00,1.06114,1.06127,1.0590600000000001,1.05939,12524
2023-10-31 08:00:00,1.0594,1.06456,1.05927,1.06454,15926
2023-10-31 12:00:00,1.06454,1.06746,1.06212,1.06242,25524
2023-10-31 16:00:00,1.06241,1.06257,1.05574,1.05675,36078
2023-10-31 20:00:00,1.05673,1.05858,1.05659,1.05731,15309
2023-11-01 00:00:00,1.05727,1.05807,1.05682,1.05736,5364
2023-11-01 04:00:00,1.05734,1.05766,1.05659,1.05673,8881
2023-11-01 08:00:00,1.05672,1.05776,1.05571,1.05583,13661
2023-11-01 12:00:00,1.05583,1.05627,1.05368,1.05385,19296
2023-11-01 16:00:00,1.05385,1.05707,1.05215,1.05339,29721
2023-11-01 20:00:00,1.05338,1.05757,1.05166,1.05698,26726
2023-11-02 00:00:00,1.057,1.06021,1.05638,1.06018,8187
2023-11-02 04:00:00,1.06019,1.06022,1.05932,1.05962,9270
2023-11-02 08:00:00,1.05961,1.06101,1.05911,1.06005,15649
2023-11-02 12:00:00,1.06006,1.06677,1.0599,1.06641,24536
2023-11-02 16:00:00,1.06641,1.06669,1.06105,1.06154,30931
2023-11-02 20:00:00,1.06155,1.06326,1.06139,1.06212,14761
2023-11-03 00:00:00,1.06212,1.06244,1.0615,1.06183,5299
2023-11-03 04:00:00,1.06182,1.0629,1.06146,1.06265,6519
2023-11-03 08:00:00,1.06266,1.06338,1.06198,1.06272,12904
2023-11-03 12:00:00,1.06271,1.07193,1.06242,1.07094,20808
2023-11-03 16:00:00,1.07095,1.07395,1.06934,1.07392,37087
2023-11-03 20:00:00,1.07392,1.07467,1.07224,1.07305,14946
2023-11-06 00:00:00,1.07197,1.07335,1.07197,1.07285,7242
2023-11-06 04:00:00,1.07286,1.0739,1.07264,1.07357,7438
2023-11-06 08:00:00,1.07358,1.07564,1.07315,1.07472,16798
2023-11-06 12:00:00,1.07474,1.07557,1.07351,1.07374,17866
2023-11-06 16:00:00,1.07374,1.07494,1.0726,1.07356,22400
2023-11-06 20:00:00,1.07355,1.0737,1.07161,1.0717,12812
2023-11-07 00:00:00,1.07171,1.07224,1.07079,1.07106,7095
2023-11-07 04:00:00,1.07105,1.0714,1.07051,1.07106,8698
2023-11-07 08:00:00,1.07107,1.07117,1.0683,1.06837,18022
2023-11-07 12:00:00,1.06835,1.06976,1.06656,1.0676,21687
2023-11-07 16:00:00,1.06761,1.06929,1.06641,1.06774,26695
2023-11-07 20:00:00,1.06774,1.07049,1.06761,1.06995,17009
2023-11-08 00:00:00,1.06995,1.07004,1.06864,1.06919,7591
2023-11-08 04:00:00,1.0692,1.06994,1.06853,1.06861,8006
2023-11-08 08:00:00,1.06861,1.06882,1.06603,1.06652,16549
2023-11-08 12:00:00,1.06651,1.0678,1.0659399999999999,1.06694,17589
2023-11-08 16:00:00,1.06693,1.0716,1.06688,1.07079,27709
2023-11-08 20:00:00,1.0708,1.0714299999999999,1.06999,1.07086,16803
2023-11-09 00:00:00,1.07077,1.07149,1.07004,1.07122,7707
2023-11-09 04:00:00,1.07121,1.07158,1.07022,1.07025,6300
2023-11-09 08:00:00,1.07027,1.07099,1.06935,1.0698,16478
2023-11-09 12:00:00,1.06978,1.07087,1.06804,1.07076,20064
2023-11-09 16:00:00,1.07076,1.07253,1.06997,1.07048,28456
2023-11-09 20:00:00,1.07047,1.07057,1.066,1.06671,27287
2023-11-10 00:00:00,1.0667,1.06751,1.06627,1.0672,7997
2023-11-10 04:00:00,1.06719,1.06745,1.06658,1.06693,7196
2023-11-10 08:00:00,1.06693,1.06801,1.0656,1.06771,18136
2023-11-10 12:00:00,1.0677,1.06927,1.06692,1.06886,20186
2023-11-10 16:00:00,1.06888,1.06896,1.06622,1.0679400000000001,27348
2023-11-10 20:00:00,1.06795,1.06876,1.06729,1.06855,14302
2023-11-13 00:00:00,1.06831,1.06907,1.06811,1.06868,6894
2023-11-13 04:00:00,1.06869,1.06891,1.06814,1.06858,5406
2023-11-13 08:00:00,1.06859,1.07014,1.06835,1.06898,14572
2023-11-13 12:00:00,1.06897,1.06997,1.0665,1.06726,17841
2023-11-13 16:00:00,1.06725,1.07062,1.0668,1.06959,23787
2023-11-13 20:00:00,1.06958,1.07057,1.069,1.06977,11108
2023-11-14 00:00:00,1.06978,1.07025,1.06921,1.06987,5466
2023-11-14 04:00:00,1.0699,1.07024,1.06929,1.06957,5650
2023-11-14 08:00:00,1.06958,1.07176,1.06942,1.07155,15686
2023-11-14 12:00:00,1.07158,1.08001,1.07147,1.07892,22046
2023-11-14 16:00:00,1.07891,1.08738,1.07885,1.08729,34303
2023-11-14 20:00:00,1.08729,1.08876,1.08678,1.08784,14012
2023-11-15 00:00:00,1.08784,1.0883,1.08655,1.08721,7294
2023-11-15 04:00:00,1.0872,1.08839,1.08706,1.08727,8440
2023-11-15 08:00:00,1.08729,1.08795,1.08438,1.08522,20311
2023-11-15 12:00:00,1.08523,1.08857,1.084,1.0859,21880
2023-11-15 16:00:00,1.0859,1.08687,1.08313,1.0854,29249
2023-11-15 20:00:00,1.08542,1.08547,1.08411,1.08462,12811
2023-11-16 00:00:00,1.08465,1.08559,1.0842,1.08439,7591
2023-11-16 04:00:00,1.08438,1.08441,1.08301,1.08382,8098
2023-11-16 08:00:00,1.08381,1.08609,1.0834,1.0851,15586
2023-11-16 12:00:00,1.08509,1.08814,1.08391,1.0881,19562
2023-11-16 16:00:00,1.08808,1.08956,1.08462,1.08598,30441
2023-11-16 20:00:00,1.08599,1.08657,1.08449,1.08518,13296
2023-11-17 00:00:00,1.08519,1.08571,1.08446,1.0853,8148
2023-11-17 04:00:00,1.0853,1.08571,1.08479,1.08533,6200
2023-11-17 08:00:00,1.08535,1.08586,1.0824799999999999,1.08528,18709
2023-11-17 12:00:00,1.08529,1.08774,1.08515,1.0871,22566
2023-11-17 16:00:00,1.0871,1.08932,1.08583,1.08904,27318
2023-11-17 20:00:00,1.08903,1.09152,1.08882,1.09151,12789
2023-11-20 00:00:00,1.09104,1.09112,1.08975,1.09084,8820
2023-11-20 04:00:00,1.09085,1.09357,1.09082,1.09186,12855
2023-11-20 08:00:00,1.09187,1.09403,1.0913,1.09366,20065
2023-11-20 12:00:00,1.09367,1.09369,1.09206,1.09265,18353
2023-11-20 16:00:00,1.09266,1.09515,1.09187,1.09378,23515
2023-11-20 20:00:00,1.09377,1.09519,1.09369,1.09394,13916
2023-11-21 00:00:00,1.09394,1.09575,1.09321,1.09522,8977
2023-11-21 04:00:00,1.09515,1.09652,1.09482,1.09561,10589
2023-11-21 08:00:00,1.09562,1.09637,1.09424,1.09438,17664
2023-11-21 12:00:00,1.09437,1.0961400000000001,1.0939,1.09449,18774
2023-11-21 16:00:00,1.0945,1.09595,1.09188,1.0921,28357
2023-11-21 20:00:00,1.09209,1.09215,1.09,1.09104,15716
2023-11-22 00:00:00,1.09105,1.09231,1.09057,1.09135,7939
2023-11-22 04:00:00,1.0913599999999999,1.09204,1.09051,1.09072,8097
2023-11-22 08:00:00,1.09072,1.09198,1.08825,1.09027,19811
2023-11-22 12:00:00,1.09025,1.09178,1.0891,1.08961,23077
2023-11-22 16:00:00,1.08962,1.08985,1.08522,1.0878700000000001,31189
2023-11-22 20:00:00,1.08784,1.08896,1.08776,1.08879,13071
2023-11-23 00:00:00,1.08881,1.0896,1.0883099999999999,1.08952,5307
2023-11-23 04:00:00,1.0895,1.09119,1.08948,1.09107,5499
2023-11-23 08:00:00,1.09108,1.09301,1.0895299999999999,1.09231,18499
2023-11-23 12:00:00,1.09232,1.09242,1.08966,1.09018,14647
2023-11-23 16:00:00,1.09019,1.09106,1.08869,1.09058,12709
2023-11-23 20:00:00,1.09058,1.09071,1.09028,1.09036,2042
2023-11-24 00:00:00,1.09034,1.09103,1.09,1.09021,7154
2023-11-24 04:00:00,1.0902,1.09122,1.0895,1.09119,6633
2023-11-24 08:00:00,1.09118,1.09207,1.09015,1.0903,13916
2023-11-24 12:00:00,1.09029,1.09282,1.09017,1.09221,15803
2023-11-24 16:00:00,1.0922,1.09454,1.09171,1.09405,21334
2023-11-24 20:00:00,1.09407,1.09488,1.09328,1.09351,8566
2023-11-27 00:00:00,1.09449,1.09499,1.09268,1.09469,9246
2023-11-27 04:00:00,1.0947,1.09508,1.09379,1.09496,10064
2023-11-27 08:00:00,1.09497,1.09593,1.09393,1.09486,16963
2023-11-27 12:00:00,1.09487,1.09566,1.09434,1.09438,19826
2023-11-27 16:00:00,1.09439,1.0945,1.0925,1.09344,27323
2023-11-27 20:00:00,1.09345,1.09576,1.09322,1.09531,13634
2023-11-28 00:00:00,1.0953,1.09619,1.09488,1.09578,8705
2023-11-28 04:00:00,1.09579,1.0963,1.09499,1.09511,7257
2023-11-28 08:00:00,1.09512,1.0955,1.09345,1.09537,16705
2023-11-28 12:00:00,1.09536,1.0974,1.09451,1.09723,19236
2023-11-28 16:00:00,1.09724,1.10091,1.0964,1.0987,36863
2023-11-28 20:00:00,1.09872,1.09954,1.09732,1.0991900000000001,17521
2023-11-29 00:00:00,1.09916,1.10171,1.09887,1.1006,11329
2023-11-29 04:00:00,1.10062,1.10087,1.09967,1.10021,10021
2023-11-29 08:00:00,1.10022,1.10047,1.09718,1.09746,22432
2023-11-29 12:00:00,1.09745,1.09949,1.0969,1.09728,23888
2023-11-29 16:00:00,1.09729,1.09909,1.09599,1.0976,30421
2023-11-29 20:00:00,1.09761,1.09949,1.09682,1.09684,15540
2023-11-30 00:00:00,1.09681,1.09838,1.09644,1.09695,9821
2023-11-30 04:00:00,1.09695,1.0977999999999999,1.09651,1.09724,10150
2023-11-30 08:00:00,1.09722,1.09819,1.092,1.0924800000000001,22884
2023-11-30 12:00:00,1.09246,1.09493,1.09091,1.09157,24759
2023-11-30 16:00:00,1.09159,1.09224,1.08881,1.08902,34979
2023-11-30 20:00:00,1.08901,1.09001,1.08793,1.08865,17798
2023-12-01 00:00:00,1.08846,1.09102,1.08832,1.09071,11674
2023-12-01 04:00:00,1.0907,1.09129,1.08983,1.09106,9092
2023-12-01 08:00:00,1.09108,1.09119,1.08859,1.08979,20612
2023-12-01 12:00:00,1.08977,1.09038,1.08662,1.0867499999999999,21961
2023-12-01 16:00:00,1.08674,1.08854,1.08287,1.08817,21832
2023-12-01 20:00:00,1.08817,1.0893,1.087,1.08788,17632
2023-12-04 00:00:00,1.08771,1.0895,1.0866500000000001,1.08732,17421
2023-12-04 04:00:00,1.08733,1.08861,1.08684,1.08693,11752
2023-12-04 08:00:00,1.08693,1.0881,1.08498,1.08747,22616
2023-12-04 12:00:00,1.08746,1.0879,1.08532,1.08545,22144
2023-12-04 16:00:00,1.08549,1.08552,1.0804,1.08257,34626
2023-12-04 20:00:00,1.08258,1.0836999999999999,1.08152,1.08355,14997
2023-12-05 00:00:00,1.08355,1.08462,1.08298,1.08392,9137
2023-12-05 04:00:00,1.08393,1.08475,1.08346,1.08473,9546
2023-12-05 08:00:00,1.08475,1.08475,1.0804,1.0832,23520
2023-12-05 12:00:00,1.08319,1.08397,1.08123,1.08286,23378
2023-12-05 16:00:00,1.08285,1.08388,1.0782,1.0792,35923
2023-12-05 20:00:00,1.07921,1.0799,1.07781,1.07953,15911
2023-12-06 00:00:00,1.07957,1.07987,1.0788,1.0792,8845
2023-12-06 04:00:00,1.0792,1.08019,1.07882,1.08013,9237
2023-12-06 08:00:00,1.08014,1.08014,1.07749,1.0791,21088
2023-12-06 12:00:00,1.07912,1.07997,1.07725,1.07981,24110
2023-12-06 16:00:00,1.0798,1.08048,1.07807,1.07817,31680
2023-12-06 20:00:00,1.07816,1.07844,1.07588,1.07633,14755
2023-12-07 00:00:00,1.07634,1.07724,1.0760399999999999,1.07673,8337
2023-12-07 04:00:00,1.07672,1.07711,1.07569,1.07617,10450
2023-12-07 08:00:00,1.07619,1.07847,1.0755,1.07798,25983
2023-12-07 12:00:00,1.07799,1.07979,1.07593,1.07902,27936
2023-12-07 16:00:00,1.07902,1.08174,1.07671,1.08137,35977
2023-12-07 20:00:00,1.08137,1.08137,1.07906,1.07935,17235
2023-12-08 00:00:00,1.07937,1.08005,1.07851,1.07881,14465
2023-12-08 04:00:00,1.07881,1.07958,1.07824,1.0783800000000001,14591
2023-12-08 08:00:00,1.07839,1.07914,1.07723,1.07769,23087
2023-12-08 12:00:00,1.07768,1.0789900000000001,1.07234,1.07468,26004
2023-12-08 16:00:00,1.07469,1.07855,1.07303,1.07561,35220
2023-12-08 20:00:00,1.0756000000000001,1.07666,1.07529,1.07607,14571
2023-12-11 00:00:00,1.07587,1.07739,1.07568,1.07674,10211
2023-12-11 04:00:00,1.07674,1.07684,1.07609,1.07682,7957
2023-12-11 08:00:00,1.07683,1.07709,1.07512,1.07668,19130
2023-12-11 12:00:00,1.07669,1.07791,1.07522,1.07636,21279
2023-12-11 16:00:00,1.07637,1.07638,1.07415,1.07441,27611
2023-12-11 20:00:00,1.07442,1.07698,1.07424,1.07642,14445
2023-12-12 00:00:00,1.07642,1.07698,1.07562,1.07649,7366
2023-12-12 04:00:00,1.07648,1.0771,1.07611,1.07691,7102
2023-12-12 08:00:00,1.07692,1.07978,1.07685,1.07933,19198
2023-12-12 12:00:00,1.07933,1.08278,1.07735,1.07763,23200
2023-12-12 16:00:00,1.07765,1.08001,1.07671,1.07881,29839
2023-12-12 20:00:00,1.07881,1.07993,1.07866,1.07937,14988
2023-12-13 00:00:00,1.0794,1.08,1.07912,1.07933,6857
2023-12-13 04:00:00,1.07935,1.0794,1.07841,1.07903,7747
2023-12-13 08:00:00,1.07902,1.07928,1.078,1.07873,19164
2023-12-13 12:00:00,1.07873,1.08035,1.07731,1.08004,21183
2023-12-13 16:00:00,1.08003,1.08095,1.07825,1.07842,25985
2023-12-13 20:00:00,1.07841,1.08965,1.07799,1.08727,31190
2023-12-14 00:00:00,1.08704,1.08981,1.08704,1.08966,14328
2023-12-14 04:00:00,1.08965,1.09154,1.0893,1.0894,17136
2023-12-14 08:00:00,1.08941,1.0913,1.088,1.0904,30448
2023-12-14 12:00:00,1.09038,1.09513,1.08981,1.09438,32215
2023-12-14 16:00:00,1.09436,1.10092,1.09357,1.10049,39599
2023-12-14 20:00:00,1.10051,1.10061,1.09795,1.09914,22155
2023-12-15 00:00:00,1.09911,1.09966,1.09769,1.09848,11837
2023-12-15 04:00:00,1.09849,1.10039,1.09835,1.09843,12397
2023-12-15 08:00:00,1.09845,1.09994,1.09461,1.09604,25128
2023-12-15 12:00:00,1.09601,1.09695,1.0904,1.09163,27284
2023-12-15 16:00:00,1.09163,1.09282,1.09015,1.09105,34623
2023-12-15 20:00:00,1.09103,1.09108,1.08885,1.08935,22244
2023-12-18 00:00:00,1.08978,1.09013,1.0892,1.08976,8759
2023-12-18 04:00:00,1.08975,1.0916,1.08975,1.09154,9496
2023-12-18 08:00:00,1.09154,1.093,1.09116,1.09196,20910
2023-12-18 12:00:00,1.0919699999999999,1.09291,1.09071,1.09213,23570
2023-12-18 16:00:00,1.09214,1.09311,1.09108,1.09276,27769
2023-12-18 20:00:00,1.09275,1.09281,1.09131,1.0923,14186
2023-12-19 00:00:00,1.0923,1.09259,1.09163,1.09188,8622
2023-12-19 04:00:00,1.09187,1.09292,1.09147,1.09279,13426
2023-12-19 08:00:00,1.09279,1.09494,1.0923,1.09414,23266
2023-12-19 12:00:00,1.09415,1.09738,1.09304,1.09621,24149
2023-12-19 16:00:00,1.09621,1.09874,1.0959,1.0975,29711
2023-12-19 20:00:00,1.09749,1.0981,1.09694,1.09804,13694
2023-12-20 00:00:00,1.09803,1.09851,1.0968,1.097,8177
2023-12-20 04:00:00,1.09699,1.09729,1.09645,1.0965,8876
2023-12-20 08:00:00,1.09651,1.09714,1.09507,1.09644,23470
2023-12-20 12:00:00,1.09644,1.09652,1.09339,1.09607,22632
2023-12-20 16:00:00,1.09607,1.09756,1.09496,1.0958,29410
2023-12-20 20:00:00,1.09579,1.09639,1.09298,1.09393,21051
2023-12-21 00:00:00,1.09395,1.09536,1.09374,1.09524,10298
2023-12-21 04:00:00,1.09523,1.0956,1.09451,1.09545,10655
2023-12-21 08:00:00,1.09545,1.0955,1.09352,1.09438,20157
2023-12-21 12:00:00,1.09438,1.10023,1.09398,1.09909,27118
2023-12-21 16:00:00,1.09908,1.10011,1.09752,1.09861,36405
2023-12-21 20:00:00,1.09862,1.10125,1.09784,1.10107,20341
2023-12-22 00:00:00,1.10108,1.10126,1.09972,1.09981,10257
2023-12-22 04:00:00,1.09982,1.10051,1.09956,1.0997,10852
2023-12-22 08:00:00,1.09969,1.1013600000000001,1.09937,1.10044,20506
2023-12-22 12:00:00,1.10043,1.10379,1.10017,1.10289,25567
2023-12-22 16:00:00,1.10288,1.10403,1.10001,1.10159,32357
2023-12-22 20:00:00,1.10159,1.10194,1.10021,1.10094,16064
2023-12-26 00:00:00,1.10119,1.10231,1.1009,1.10222,4623
2023-12-26 04:00:00,1.10223,1.10288,1.10194,1.1026799999999999,5848
2023-12-26 08:00:00,1.10267,1.1026799999999999,1.10096,1.10144,7961
2023-12-26 12:00:00,1.10145,1.10244,1.10086,1.10177,11926
2023-12-26 16:00:00,1.10177,1.10376,1.10139,1.10353,17959
2023-12-26 20:00:00,1.10354,1.10452,1.1034,1.10419,12512
2023-12-27 00:00:00,1.1042,1.10443,1.1032,1.1036299999999999,7220
2023-12-27 04:00:00,1.10364,1.1044100000000001,1.10285,1.10436,8268
2023-12-27 08:00:00,1.10437,1.10549,1.10366,1.10545,15875
2023-12-27 12:00:00,1.1054599999999999,1.1074,1.1048499999999999,1.10705,17659
2023-12-27 16:00:00,1.10706,1.11228,1.10688,1.11054,30021
2023-12-27 20:00:00,1.11052,1.11142,1.10989,1.11045,17884
2023-12-28 00:00:00,1.11047,1.11221,1.10965,1.1122,8034
2023-12-28 04:00:00,1.11221,1.11226,1.1108500000000001,1.11094,10368
2023-12-28 08:00:00,1.11092,1.11395,1.11043,1.11295,19917
2023-12-28 12:00:00,1.11293,1.11324,1.10724,1.10732,22045
2023-12-28 16:00:00,1.10733,1.11135,1.1066,1.10739,31091
2023-12-28 20:00:00,1.1074,1.1074,1.10552,1.106,17724
2023-12-29 00:00:00,1.10601,1.10843,1.10565,1.1078999999999999,10299
2023-12-29 04:00:00,1.10788,1.10794,1.1061,1.10662,8072
2023-12-29 08:00:00,1.10664,1.10776,1.10442,1.10492,17876
2023-12-29 12:00:00,1.10491,1.10803,1.10466,1.10487,22879
2023-12-29 16:00:00,1.10489,1.10787,1.1042399999999999,1.1064,32017
2023-12-29 20:00:00,1.10638,1.10638,1.1034,1.10367,18664
2024-01-02 00:00:00,1.1043,1.10447,1.10341,1.10349,7409
2024-01-02 04:00:00,1.1035,1.1036,1.10165,1.10333,10619
2024-01-02 08:00:00,1.10334,1.10389,1.10106,1.10152,22772
2024-01-02 12:00:00,1.10151,1.10169,1.09491,1.09528,29755
2024-01-02 16:00:00,1.09527,1.09683,1.09407,1.09506,33148
2024-01-02 20:00:00,1.09505,1.0956,1.09383,1.09407,15354
2024-01-03 00:00:00,1.0943100000000001,1.09549,1.09394,1.09513,7872
2024-01-03 04:00:00,1.09515,1.09629,1.09486,1.09514,8330
2024-01-03 08:00:00,1.09513,1.09654,1.09349,1.09364,20490
2024-01-03 12:00:00,1.09363,1.09392,1.091,1.09217,26856
2024-01-03 16:00:00,1.09218,1.09386,1.0898,1.09067,36405
2024-01-03 20:00:00,1.09066,1.09257,1.08928,1.09208,26452
2024-01-04 00:00:00,1.09207,1.09278,1.09154,1.0918,9185
2024-01-04 04:00:00,1.09179,1.0930900000000001,1.0916,1.09266,10739
2024-01-04 08:00:00,1.09267,1.0969,1.09208,1.09674,26301
2024-01-04 12:00:00,1.0967500000000001,1.09721,1.09326,1.09471,24643
2024-01-04 16:00:00,1.09472,1.09652,1.09382,1.09505,33161
2024-01-04 20:00:00,1.09506,1.09544,1.0943100000000001,1.09439,15941
2024-01-05 00:00:00,1.09437,1.0956,1.09417,1.09516,8891
2024-01-05 04:00:00,1.09516,1.09543,1.09342,1.09374,9186
2024-01-05 08:00:00,1.09375,1.09376,1.09026,1.09125,22404
2024-01-05 12:00:00,1.09132,1.09278,1.08769,1.0921,24441
2024-01-05 16:00:00,1.09212,1.09983,1.09212,1.09462,41032
2024-01-05 20:00:00,1.09462,1.09599,1.09352,1.09409,20540
2024-01-08 00:00:00,1.09405,1.09532,1.09348,1.0948,7502
2024-01-08 04:00:00,1.09481,1.09481,1.09305,1.09375,8654
2024-01-08 08:00:00,1.09374,1.09523,1.09225,1.09371,22114
2024-01-08 12:00:00,1.09371,1.09562,1.09343,1.09509,24952
2024-01-08 16:00:00,1.09508,1.09789,1.09493,1.09647,30848
2024-01-08 20:00:00,1.09648,1.09657,1.09489,1.09495,17499
2024-01-09 00:00:00,1.09493,1.0962,1.09481,1.09615,8902
2024-01-09 04:00:00,1.09617,1.09665,1.09479,1.09498,9125
2024-01-09 08:00:00,1.09499,1.09629,1.09379,1.0944,20897
2024-01-09 12:00:00,1.09444,1.09479,1.09286,1.0946,24853
2024-01-09 16:00:00,1.09461,1.09512,1.09101,1.09341,31777
2024-01-09 20:00:00,1.0934,1.09399,1.092,1.09306,19551
2024-01-10 00:00:00,1.0930900000000001,1.09365,1.0926,1.09324,9423
2024-01-10 04:00:00,1.09324,1.09361,1.09278,1.09323,7901
2024-01-10 08:00:00,1.09323,1.0952,1.09227,1.09473,19872
2024-01-10 12:00:00,1.09472,1.0955300000000001,1.09405,1.09406,19884
2024-01-10 16:00:00,1.09405,1.09692,1.0932,1.09672,26813
2024-01-10 20:00:00,1.09673,1.0973,1.09591,1.09722,17153
2024-01-11 00:00:00,1.09723,1.09803,1.09664,1.0979,8460
2024-01-11 04:00:00,1.09789,1.09849,1.09757,1.09784,8844
2024-01-11 08:00:00,1.09785,1.09886,1.09589,1.0964,18324
2024-01-11 12:00:00,1.09639,1.09998,1.09355,1.09392,25757
2024-01-11 16:00:00,1.09393,1.09737,1.09302,1.09509,39625
2024-01-11 20:00:00,1.0951,1.09831,1.09498,1.09716,25110
2024-01-12 00:00:00,1.09717,1.09849,1.09664,1.09828,10023
2024-01-12 04:00:00,1.09827,1.09855,1.09732,1.09756,8505
2024-01-12 08:00:00,1.09757,1.09828,1.09609,1.09626,19878
2024-01-12 12:00:00,1.09627,1.09695,1.09359,1.09552,25308
2024-01-12 16:00:00,1.0955,1.09868,1.09471,1.09497,33916
2024-01-12 20:00:00,1.09496,1.09635,1.09482,1.09491,15855
2024-01-15 00:00:00,1.09446,1.09562,1.09409,1.09547,10404
2024-01-15 04:00:00,1.09549,1.09676,1.09549,1.09641,8608
2024-01-15 08:00:00,1.0964,1.09667,1.09428,1.09467,19153
2024-01-15 12:00:00,1.09467,1.09589,1.09335,1.09507,21492
2024-01-15 16:00:00,1.09508,1.09526,1.09381,1.09482,18001
2024-01-15 20:00:00,1.09482,1.09536,1.09476,1.09488,3234
2024-01-16 00:00:00,1.09444,1.09513,1.09154,1.09277,16239
2024-01-16 04:00:00,1.09276,1.09277,1.09126,1.09154,10781
2024-01-16 08:00:00,1.0915300000000001,1.09267,1.0884,1.08861,26113
2024-01-16 12:00:00,1.08861,1.08979,1.08716,1.0874,26491
2024-01-16 16:00:00,1.08739,1.08946,1.0862,1.08632,37408
2024-01-16 20:00:00,1.08631,1.08776,1.08629,1.08748,16672
2024-01-17 00:00:00,1.08747,1.08824,1.08709,1.08774,8983
2024-01-17 04:00:00,1.08774,1.08845,1.08607,1.08649,11714
2024-01-17 08:00:00,1.0865,1.08815,1.08554,1.08764,25899
2024-01-17 12:00:00,1.08762,1.0884,1.08512,1.08638,27039
2024-01-17 16:00:00,1.08639,1.08708,1.08445,1.08669,34597
2024-01-17 20:00:00,1.0867,1.08828,1.08564,1.08819,18424
2024-01-18 00:00:00,1.08819,1.0901,1.08794,1.08962,12131
2024-01-18 04:00:00,1.08961,1.09029,1.08904,1.0895,11439
2024-01-18 08:00:00,1.08949,1.09068,1.08766,1.0884800000000001,22395
2024-01-18 12:00:00,1.08847,1.08962,1.08505,1.08525,24768
2024-01-18 16:00:00,1.08523,1.08702,1.08465,1.08598,34541
2024-01-18 20:00:00,1.08597,1.08776,1.0854300000000001,1.08756,20308
2024-01-19 00:00:00,1.08758,1.08874,1.08685,1.08856,10396
2024-01-19 04:00:00,1.08854,1.08898,1.08796,1.0881,9777
2024-01-19 08:00:00,1.08808,1.08864,1.08681,1.08829,21072
2024-01-19 12:00:00,1.08828,1.0893,1.0873,1.08806,22848
2024-01-19 16:00:00,1.08805,1.08935,1.08655,1.08898,32837
2024-01-19 20:00:00,1.08897,1.0898,1.08858,1.08963,19177
2024-01-22 00:00:00,1.08902,1.09051,1.08865,1.0902,9683
2024-01-22 04:00:00,1.09021,1.09093,1.08984,1.09017,8466
2024-01-22 08:00:00,1.09016,1.09096,1.08871,1.0897000000000001,19909
2024-01-22 12:00:00,1.08969,1.08995,1.08799,1.08915,21025
2024-01-22 16:00:00,1.08916,1.09,1.08817,1.08963,23974
2024-01-22 20:00:00,1.08963,1.08964,1.08802,1.08821,14892
2024-01-23 00:00:00,1.08819,1.08886,1.08756,1.08885,8781
2024-01-23 04:00:00,1.08883,1.09081,1.0884800000000001,1.09069,13056
2024-01-23 08:00:00,1.0907,1.09159,1.08835,1.08876,22955
2024-01-23 12:00:00,1.08876,1.08884,1.08601,1.0874,22646
2024-01-23 16:00:00,1.0874,1.0874,1.08215,1.08315,30314
2024-01-23 20:00:00,1.08317,1.0856,1.08304,1.0853,15286
2024-01-24 00:00:00,1.0853,1.086,1.08439,1.08581,8593
2024-01-24 04:00:00,1.0858,1.08661,1.08532,1.08622,9536
2024-01-24 08:00:00,1.08621,1.09076,1.08603,1.09028,23470
2024-01-24 12:00:00,1.09028,1.09272,1.08874,1.0924800000000001,23884
2024-01-24 16:00:00,1.09249,1.09323,1.08905,1.09054,33154
2024-01-24 20:00:00,1.09052,1.0906,1.08776,1.08845,19737
2024-01-25 00:00:00,1.08844,1.08867,1.08703,1.08776,9677
2024-01-25 04:00:00,1.08778,1.0882,1.08746,1.08784,8035
2024-01-25 08:00:00,1.08785,1.08997,1.08756,1.0896,20306
2024-01-25 12:00:00,1.08961,1.09017,1.08666,1.08791,23841
2024-01-25 16:00:00,1.0879,1.0879,1.08241,1.08377,37064
2024-01-25 20:00:00,1.08378,1.08481,1.08215,1.08452,19521
2024-01-26 00:00:00,1.08421,1.08478,1.08373,1.08445,9568
2024-01-26 04:00:00,1.08446,1.08489,1.0838,1.08426,7918
2024-01-26 08:00:00,1.08426,1.08505,1.08129,1.08442,23727
2024-01-26 12:00:00,1.08443,1.08857,1.08442,1.08719,25592
2024-01-26 16:00:00,1.08719,1.08803,1.08549,1.08638,31044
2024-01-26 20:00:00,1.08637,1.08661,1.08515,1.08521,13604
2024-01-29 00:00:00,1.08435,1.0849199999999999,1.08413,1.08441,11681
2024-01-29 04:00:00,1.0844,1.08477,1.08394,1.084,8400
2024-01-29 08:00:00,1.08401,1.08501,1.08231,1.08252,20211
2024-01-29 12:00:00,1.08251,1.08369,1.08139,1.08203,21334
2024-01-29 16:00:00,1.08203,1.08226,1.07959,1.08117,26655
2024-01-29 20:00:00,1.08118,1.08405,1.08092,1.08336,18107
2024-01-30 00:00:00,1.08275,1.08421,1.08275,1.08351,9782
2024-01-30 04:00:00,1.0835,1.08362,1.08219,1.08225,9025
2024-01-30 08:00:00,1.08226,1.08322,1.08119,1.0827,22797
2024-01-30 12:00:00,1.08269,1.08498,1.08231,1.08346,22107
2024-01-30 16:00:00,1.08344,1.08573,1.08278,1.0839,32248
2024-01-30 20:00:00,1.08388,1.08487,1.08315,1.08448,14493
2024-01-31 00:00:00,1.08448,1.0848200000000001,1.08313,1.08313,10498
2024-01-31 04:00:00,1.08312,1.08315,1.0816,1.0820400000000001,12394
2024-01-31 08:00:00,1.08206,1.08367,1.08061,1.08222,22826
2024-01-31 12:00:00,1.08224,1.08627,1.08213,1.08577,24442
2024-01-31 16:00:00,1.08576,1.08874,1.08417,1.08496,38714
2024-01-31 20:00:00,1.08495,1.0864,1.07948,1.08178,35549
2024-02-01 00:00:00,1.0818,1.0820400000000001,1.08019,1.08091,11795
2024-02-01 04:00:00,1.0809,1.0822,1.08026,1.08028,12057
2024-02-01 08:00:00,1.08027,1.08051,1.07799,1.07984,24403
2024-02-01 12:00:00,1.07986,1.08272,1.07913,1.08136,27102
2024-02-01 16:00:00,1.08137,1.08748,1.08059,1.08727,40942
2024-02-01 20:00:00,1.08729,1.08749,1.08629,1.08712,23230
2024-02-02 00:00:00,1.08714,1.08798,1.08645,1.08716,9328
2024-02-02 04:00:00,1.08719,1.08825,1.08712,1.08776,10048
2024-02-02 08:00:00,1.08774,1.08977,1.08735,1.08908,20671
2024-02-02 12:00:00,1.08907,1.08951,1.08035,1.08071,23958
2024-02-02 16:00:00,1.08069,1.08169,1.07805,1.07835,37741
2024-02-02 20:00:00,1.07835,1.07975,1.07804,1.07864,20423
2024-02-05 00:00:00,1.07854,1.07862,1.07672,1.07784,16267
2024-02-05 04:00:00,1.07786,1.07824,1.07733,1.07821,11804
2024-02-05 08:00:00,1.07822,1.07862,1.07519,1.07537,22153
2024-02-05 12:00:00,1.07536,1.07587,1.07362,1.07375,22831
2024-02-05 16:00:00,1.07374,1.0745,1.07232,1.07394,33951
2024-02-05 20:00:00,1.07393,1.07467,1.07367,1.07419,15034
2024-02-06 00:00:00,1.07418,1.07474,1.07362,1.07455,7820
2024-02-06 04:00:00,1.07456,1.0754299999999999,1.07435,1.07537,12996
2024-02-06 08:00:00,1.07536,1.07625,1.0725500000000001,1.07292,23268
2024-02-06 12:00:00,1.07291,1.07439,1.07224,1.07305,22557
2024-02-06 16:00:00,1.07303,1.07553,1.07289,1.07509,33169
2024-02-06 20:00:00,1.0751,1.07575,1.07434,1.07539,19880
2024-02-07 00:00:00,1.07536,1.07651,1.07498,1.07636,9698
2024-02-07 04:00:00,1.07635,1.07666,1.07567,1.07628,10191
2024-02-07 08:00:00,1.07627,1.07735,1.07569,1.07694,21858
2024-02-07 12:00:00,1.07695,1.07841,1.07624,1.07702,24835
2024-02-07 16:00:00,1.07704,1.078,1.07556,1.07648,37568
2024-02-07 20:00:00,1.07648,1.07755,1.07645,1.07705,16506
2024-02-08 00:00:00,1.07703,1.07798,1.07654,1.07788,8222
2024-02-08 04:00:00,1.0778699999999999,1.07885,1.07784,1.07827,9421
2024-02-08 08:00:00,1.07828,1.07889,1.07683,1.07831,21263
2024-02-08 12:00:00,1.0783,1.07856,1.07414,1.07439,25250
2024-02-08 16:00:00,1.07437,1.07766,1.07434,1.07735,30529
2024-02-08 20:00:00,1.07736,1.07828,1.0772599999999999,1.07769,18227
2024-02-09 00:00:00,1.07767,1.07788,1.07722,1.07744,8070
2024-02-09 04:00:00,1.07745,1.07784,1.07695,1.07712,7559
2024-02-09 08:00:00,1.07713,1.07849,1.07661,1.07672,20425
2024-02-09 12:00:00,1.07671,1.07946,1.07621,1.0783,25238
2024-02-09 16:00:00,1.07828,1.07948,1.0775,1.07856,29443
2024-02-09 20:00:00,1.07857,1.0791,1.07797,1.07826,13224
2024-02-12 00:00:00,1.07739,1.08,1.07739,1.07959,12130
2024-02-12 04:00:00,1.07958,1.0798,1.07894,1.07915,6642
2024-02-12 08:00:00,1.07915,1.08057,1.07668,1.07692,18386
2024-02-12 12:00:00,1.07693,1.07788,1.0761,1.07639,20893
2024-02-12 16:00:00,1.07638,1.07826,1.07558,1.07826,25294
2024-02-12 20:00:00,1.07825,1.07862,1.07679,1.07705,16033
2024-02-13 00:00:00,1.07702,1.07756,1.0765500000000001,1.0767,6677
2024-02-13 04:00:00,1.07669,1.07681,1.07607,1.07668,7314
2024-02-13 08:00:00,1.07669,1.07778,1.07569,1.07668,20901
2024-02-13 12:00:00,1.07669,1.07969,1.0703,1.07085,24575
2024-02-13 16:00:00,1.07083,1.07269,1.07005,1.07153,37176
2024-02-13 20:00:00,1.07154,1.07203,1.07005,1.0708,22116
2024-02-14 00:00:00,1.07081,1.07144,1.07034,1.07117,9001
2024-02-14 04:00:00,1.07116,1.07152,1.07083,1.07142,9596
2024-02-14 08:00:00,1.07141,1.07188,1.06949,1.07002,23185
2024-02-14 12:00:00,1.07003,1.07167,1.06963,1.07087,23405
2024-02-14 16:00:00,1.07087,1.07346,1.07066,1.07308,33474
2024-02-14 20:00:00,1.07309,1.07339,1.07249,1.07254,15892
2024-02-15 00:00:00,1.07253,1.07356,1.07231,1.07285,7704
2024-02-15 04:00:00,1.07286,1.07323,1.07247,1.07292,7277
2024-02-15 08:00:00,1.07291,1.07415,1.07272,1.07331,19663
2024-02-15 12:00:00,1.07331,1.0772599999999999,1.07306,1.07664,21757
2024-02-15 16:00:00,1.07664,1.07849,1.07552,1.07626,38892
2024-02-15 20:00:00,1.07625,1.0774,1.0760399999999999,1.0771600000000001,16472
2024-02-16 00:00:00,1.07702,1.0777,1.07613,1.0765,8823
2024-02-16 04:00:00,1.07651,1.07651,1.07574,1.07602,11176
2024-02-16 08:00:00,1.07603,1.07718,1.07586,1.07661,20151
2024-02-16 12:00:00,1.07662,1.07801,1.07319,1.07464,23462
2024-02-16 16:00:00,1.07466,1.07781,1.07409,1.0777700000000001,37860
2024-02-16 20:00:00,1.07779,1.07875,1.0773,1.0776,20806
2024-02-19 00:00:00,1.07719,1.07891,1.07706,1.07804,8777
2024-02-19 04:00:00,1.07805,1.07834,1.07749,1.07818,8415
2024-02-19 08:00:00,1.07819,1.07896,1.07722,1.07749,17081
2024-02-19 12:00:00,1.0775,1.07818,1.07675,1.07703,16111
2024-02-19 16:00:00,1.07702,1.07767,1.0762,1.0776,14567
2024-02-19 20:00:00,1.07763,1.07837,1.0776,1.07782,3576
2024-02-20 00:00:00,1.0773,1.07807,1.07649,1.07661,9196
2024-02-20 04:00:00,1.07662,1.07711,1.07616,1.07681,10023
2024-02-20 08:00:00,1.07682,1.0799,1.07674,1.07979,22406
2024-02-20 12:00:00,1.0798,1.08249,1.07936,1.08231,30129
2024-02-20 16:00:00,1.08232,1.0839,1.08092,1.08119,33715
2024-02-20 20:00:00,1.08118,1.08132,1.08042,1.08073,17772
2024-02-21 00:00:00,1.08049,1.08128,1.08038,1.0812,8571
2024-02-21 04:00:00,1.08121,1.08191,1.08121,1.08152,11139
2024-02-21 08:00:00,1.08151,1.08154,1.079,1.07999,20194
2024-02-21 12:00:00,1.07998,1.08115,1.07942,1.08102,21592
2024-02-21 16:00:00,1.08102,1.08201,1.08009,1.08076,32629
2024-02-21 20:00:00,1.08077,1.08242,1.07998,1.08181,25206
2024-02-22 00:00:00,1.08183,1.0832,1.0812599999999999,1.08267,10868
2024-02-22 04:00:00,1.08268,1.0838,1.08191,1.08335,10291
2024-02-22 08:00:00,1.08334,1.08879,1.0833,1.0853,27995
2024-02-22 12:00:00,1.08529,1.08589,1.08211,1.08231,26752
2024-02-22 16:00:00,1.0823,1.08244,1.08027,1.08203,36003
2024-02-22 20:00:00,1.08202,1.08263,1.0814300000000001,1.08222,16775
2024-02-23 00:00:00,1.08225,1.0832,1.08147,1.08272,9492
2024-02-23 04:00:00,1.08271,1.08306,1.08211,1.08228,9131
2024-02-23 08:00:00,1.08229,1.0832600000000001,1.0814,1.08175,20164
2024-02-23 12:00:00,1.08174,1.08397,1.08171,1.0832,25696
2024-02-23 16:00:00,1.08319,1.0836999999999999,1.08117,1.08249,35253
2024-02-23 20:00:00,1.0824799999999999,1.08297,1.08177,1.08188,17057
2024-02-26 00:00:00,1.08311,1.08311,1.0812599999999999,1.08166,9372
2024-02-26 04:00:00,1.08165,1.08242,1.0814300000000001,1.08232,8635
2024-02-26 08:00:00,1.08231,1.08404,1.08221,1.08401,19731
2024-02-26 12:00:00,1.08402,1.08597,1.08383,1.0858,20953
2024-02-26 16:00:00,1.08581,1.08589,1.08386,1.08453,26768
2024-02-26 20:00:00,1.08452,1.08526,1.08398,1.08502,14948
2024-02-27 00:00:00,1.0849199999999999,1.08516,1.08454,1.08502,8936
2024-02-27 04:00:00,1.08501,1.08555,1.0848200000000001,1.08521,8926
2024-02-27 08:00:00,1.08521,1.08659,1.08472,1.08529,18980
2024-02-27 12:00:00,1.08528,1.08631,1.08418,1.08479,21585
2024-02-27 16:00:00,1.0848,1.0858,1.08329,1.08509,32516
2024-02-27 20:00:00,1.08508,1.08568,1.08408,1.08437,17338
2024-02-28 00:00:00,1.08438,1.08468,1.0838,1.08396,8833
2024-02-28 04:00:00,1.08395,1.08404,1.08255,1.08269,10357
2024-02-28 08:00:00,1.08268,1.08295,1.07966,1.08,24803
2024-02-28 12:00:00,1.07999,1.08307,1.07992,1.08276,25907
2024-02-28 16:00:00,1.08275,1.08459,1.08213,1.08384,28803
2024-02-28 20:00:00,1.08386,1.08404,1.08325,1.08376,13396
2024-02-29 00:00:00,1.08329,1.08404,1.08279,1.08291,10509
2024-02-29 04:00:00,1.08292,1.0838,1.08287,1.08355,15649
2024-02-29 08:00:00,1.08354,1.08521,1.08258,1.08506,25857
2024-02-29 12:00:00,1.08505,1.08544,1.08218,1.08379,28695
2024-02-29 16:00:00,1.08378,1.08559,1.07958,1.07999,41087
2024-02-29 20:00:00,1.08,1.08114,1.07983,1.08047,19573
2024-03-01 00:00:00,1.08001,1.08212,1.07981,1.08211,12106
2024-03-01 04:00:00,1.08212,1.0822,1.08112,1.08122,8879
2024-03-01 08:00:00,1.08123,1.082,1.0808200000000001,1.08152,22363
2024-03-01 12:00:00,1.08158,1.08249,1.07983,1.08129,29166
2024-03-01 16:00:00,1.08128,1.08417,1.0798,1.08376,34576
2024-03-01 20:00:00,1.08375,1.08432,1.08314,1.08373,16859
2024-03-04 00:00:00,1.08366,1.0848200000000001,1.08352,1.08402,11162
2024-03-04 04:00:00,1.08401,1.08469,1.08386,1.08444,8914
2024-03-04 08:00:00,1.08443,1.0858,1.08377,1.08491,19642
2024-03-04 12:00:00,1.08489,1.08576,1.08401,1.08488,20709
2024-03-04 16:00:00,1.08489,1.08669,1.08449,1.08581,28694
2024-03-04 20:00:00,1.0858,1.08609,1.08547,1.08547,13494
2024-03-05 00:00:00,1.0854,1.08581,1.08476,1.08495,11154
2024-03-05 04:00:00,1.08495,1.08549,1.08485,1.08529,8235
2024-03-05 08:00:00,1.08531,1.08559,1.08414,1.08514,19936
2024-03-05 12:00:00,1.08513,1.0855,1.08419,1.08461,19774
2024-03-05 16:00:00,1.08463,1.08759,1.08403,1.086,31530
2024-03-05 20:00:00,1.08599,1.08601,1.0849,1.0856,16249
2024-03-06 00:00:00,1.0855299999999999,1.0859,1.08421,1.0844,10914
2024-03-06 04:00:00,1.08439,1.08569,1.08439,1.08552,11371
2024-03-06 08:00:00,1.0855,1.08778,1.08549,1.08764,20784
2024-03-06 12:00:00,1.08766,1.0885,1.0867499999999999,1.0884800000000001,22307
2024-03-06 16:00:00,1.08847,1.0915300000000001,1.08813,1.09024,38310
2024-03-06 20:00:00,1.09025,1.09079,1.08929,1.08982,24556
2024-03-07 00:00:00,1.08928,1.0907499999999999,1.08928,1.0898,12739
2024-03-07 04:00:00,1.08981,1.09057,1.08935,1.09005,12623
2024-03-07 08:00:00,1.09004,1.09044,1.08876,1.09017,21503
2024-03-07 12:00:00,1.09015,1.0902,1.08678,1.08722,25180
2024-03-07 16:00:00,1.08723,1.0942,1.08691,1.0937000000000001,35185
2024-03-07 20:00:00,1.09369,1.0949200000000001,1.09366,1.09473,14652
2024-03-08 00:00:00,1.09469,1.09559,1.09424,1.0948,11985
2024-03-08 04:00:00,1.09481,1.0951,1.0944099999999999,1.09467,10420
2024-03-08 08:00:00,1.09466,1.09512,1.09261,1.09353,24413
2024-03-08 12:00:00,1.09352,1.09812,1.09176,1.0958,25391
2024-03-08 16:00:00,1.0958,1.09665,1.09369,1.09394,39626
2024-03-08 20:00:00,1.09393,1.0944,1.09333,1.09379,20483
2024-03-11 00:00:00,1.0942,1.09467,1.09359,1.09423,8489
2024-03-11 04:00:00,1.09422,1.09458,1.0937000000000001,1.09387,12216
2024-03-11 08:00:00,1.09388,1.09482,1.09353,1.09444,17167
2024-03-11 12:00:00,1.09445,1.09451,1.09293,1.09295,19402
2024-03-11 16:00:00,1.09295,1.09318,1.09145,1.09271,29007
2024-03-11 20:00:00,1.09272,1.09303,1.09183,1.09251,15659
2024-03-12 00:00:00,1.09229,1.09324,1.09193,1.09287,10115
2024-03-12 04:00:00,1.09288,1.09382,1.09268,1.0937000000000001,9693
2024-03-12 08:00:00,1.09371,1.09396,1.09212,1.09249,18609
2024-03-12 12:00:00,1.0925,1.09435,1.09025,1.092,22103
2024-03-12 16:00:00,1.09201,1.0923,1.09022,1.09176,34645
2024-03-12 20:00:00,1.09177,1.09275,1.09126,1.09259,13331
2024-03-13 00:00:00,1.0924800000000001,1.09298,1.09235,1.09269,8208
2024-03-13 04:00:00,1.0927,1.09308,1.09221,1.09235,12159
2024-03-13 08:00:00,1.09234,1.09329,1.09208,1.09278,14713
2024-03-13 12:00:00,1.09277,1.09474,1.092,1.09366,20179
2024-03-13 16:00:00,1.09368,1.09496,1.09313,1.0949200000000001,28819
2024-03-13 20:00:00,1.09491,1.09637,1.09457,1.0947,16563
2024-03-14 00:00:00,1.0946,1.09549,1.0943,1.09487,8228
2024-03-14 04:00:00,1.09488,1.0953,1.0939,1.09425,10016
2024-03-14 08:00:00,1.09424,1.09442,1.09317,1.09379,16304
2024-03-14 12:00:00,1.09378,1.09455,1.09235,1.09298,22112
2024-03-14 16:00:00,1.09298,1.0931,1.08828,1.08872,38035
2024-03-14 20:00:00,1.08871,1.0892,1.08806,1.08824,15274
2024-03-15 00:00:00,1.0879,1.08862,1.08761,1.08779,9632
2024-03-15 04:00:00,1.0878,1.08803,1.08729,1.08765,9361
2024-03-15 08:00:00,1.08766,1.0887,1.08733,1.0883,16307
2024-03-15 12:00:00,1.08829,1.08998,1.08825,1.08872,21266
2024-03-15 16:00:00,1.08872,1.08949,1.08813,1.08858,31050
2024-03-15 20:00:00,1.0886,1.08915,1.08834,1.08878,13670
2024-03-18 00:00:00,1.08869,1.08915,1.08805,1.08854,9422
2024-03-18 04:00:00,1.08853,1.08918,1.08828,1.08877,8604
2024-03-18 08:00:00,1.08876,1.0898,1.08853,1.0894,13261
2024-03-18 12:00:00,1.08939,1.09062,1.08898,1.08922,17897
2024-03-18 16:00:00,1.08923,1.08936,1.08693,1.08723,24700
2024-03-18 20:00:00,1.08724,1.08751,1.08661,1.0872,10712
2024-03-19 00:00:00,1.08717,1.08746,1.08692,1.08694,7596
2024-03-19 04:00:00,1.08695,1.08766,1.08668,1.08705,15624
2024-03-19 08:00:00,1.08706,1.08723,1.08424,1.08475,20200
2024-03-19 12:00:00,1.08475,1.08561,1.08346,1.08515,23958
2024-03-19 16:00:00,1.08515,1.08654,1.08493,1.08634,26368
2024-03-19 20:00:00,1.08635,1.0867499999999999,1.08597,1.0865,12171
2024-03-20 00:00:00,1.08646,1.08674,1.08583,1.08643,7474
2024-03-20 04:00:00,1.08644,1.08712,1.08621,1.08667,7571
2024-03-20 08:00:00,1.0866500000000001,1.08721,1.085,1.08523,14329
2024-03-20 12:00:00,1.08522,1.08525,1.08364,1.08423,19440
2024-03-20 16:00:00,1.08424,1.08613,1.08372,1.08607,19200
2024-03-20 20:00:00,1.08608,1.09229,1.08587,1.09215,29003
2024-03-21 00:00:00,1.0919699999999999,1.09377,1.0918,1.09336,14698
2024-03-21 04:00:00,1.09335,1.0939,1.09327,1.09333,11141
2024-03-21 08:00:00,1.09333,1.09426,1.08871,1.08917,19265
2024-03-21 12:00:00,1.08919,1.09238,1.08891,1.09116,26862
2024-03-21 16:00:00,1.09115,1.09118,1.08556,1.0861,37599
2024-03-21 20:00:00,1.08611,1.08663,1.08554,1.08593,12433
2024-03-22 00:00:00,1.08581,1.08682,1.08567,1.08652,7662
2024-03-22 04:00:00,1.08652,1.08659,1.08312,1.08335,14282
2024-03-22 08:00:00,1.08334,1.08421,1.08081,1.08116,19262
2024-03-22 12:00:00,1.08118,1.08312,1.08115,1.0826500000000001,23030
2024-03-22 16:00:00,1.08264,1.08318,1.08058,1.08059,24960
2024-03-22 20:00:00,1.08058,1.08108,1.08018,1.08067,10529
2024-03-25 00:00:00,1.08078,1.08104,1.08026,1.08036,5655
2024-03-25 04:00:00,1.08037,1.08221,1.0802,1.08131,13416
2024-03-25 08:00:00,1.08132,1.08239,1.08071,1.08139,14392
2024-03-25 12:00:00,1.0814,1.08342,1.08115,1.08306,15642
2024-03-25 16:00:00,1.08307,1.08425,1.08292,1.08367,19597
2024-03-25 20:00:00,1.08368,1.08409,1.08333,1.0836999999999999,10153
2024-03-26 00:00:00,1.08364,1.0843,1.08342,1.08427,7268
2024-03-26 04:00:00,1.08428,1.08453,1.08357,1.08401,9560
2024-03-26 08:00:00,1.08401,1.08529,1.08386,1.08496,16233
2024-03-26 12:00:00,1.08495,1.08643,1.08455,1.0852,25289
2024-03-26 16:00:00,1.0852,1.08586,1.08242,1.08283,27754
2024-03-26 20:00:00,1.08282,1.08359,1.08268,1.08304,10154
2024-03-27 00:00:00,1.08306,1.08333,1.08275,1.08296,6284
2024-03-27 04:00:00,1.08297,1.0830899999999999,1.08205,1.08299,10712
2024-03-27 08:00:00,1.08297,1.08336,1.08211,1.08286,14773
2024-03-27 12:00:00,1.08286,1.08391,1.0815,1.08189,22634
2024-03-27 16:00:00,1.08188,1.08258,1.08108,1.08232,27848
2024-03-27 20:00:00,1.08231,1.08292,1.08174,1.08269,12298
2024-03-28 00:00:00,1.08266,1.08273,1.0808,1.08176,10416
2024-03-28 04:00:00,1.08177,1.08259,1.0815,1.08236,9246
2024-03-28 08:00:00,1.08237,1.08266,1.07897,1.07921,16839
2024-03-28 12:00:00,1.07919,1.0809,1.0775,1.08081,24196
2024-03-28 16:00:00,1.08081,1.08186,1.07929,1.07994,30957
2024-03-28 20:00:00,1.07993,1.0802,1.07847,1.07875,13112
2024-03-29 00:00:00,1.07858,1.07947,1.07837,1.07842,16431
2024-03-29 04:00:00,1.07842,1.07849,1.07737,1.07768,12665
2024-03-29 08:00:00,1.07769,1.07817,1.07681,1.0778699999999999,10654
2024-03-29 12:00:00,1.07786,1.08053,1.0772599999999999,1.07983,12683
2024-03-29 16:00:00,1.07982,1.08032,1.07868,1.07881,14425
2024-03-29 20:00:00,1.07882,1.07958,1.07856,1.07877,10948
2024-04-01 00:00:00,1.07858,1.07989,1.07856,1.07914,9875
2024-04-01 04:00:00,1.07915,1.07947,1.07842,1.07868,9464
2024-04-01 08:00:00,1.07867,1.07923,1.07827,1.0789900000000001,9857
2024-04-01 12:00:00,1.079,1.0791,1.07771,1.07818,12062
2024-04-01 16:00:00,1.07817,1.0783,1.07309,1.07366,25325
2024-04-01 20:00:00,1.07367,1.07442,1.07366,1.07428,11159
2024-04-02 00:00:00,1.07427,1.07444,1.0731,1.07372,8306
2024-04-02 04:00:00,1.07371,1.07383,1.07293,1.07333,8487
2024-04-02 08:00:00,1.07332,1.07428,1.07245,1.07315,19479
2024-04-02 12:00:00,1.07313,1.0756000000000001,1.07311,1.07489,21066
2024-04-02 16:00:00,1.0749,1.07791,1.0748,1.07682,27268
2024-04-02 20:00:00,1.07684,1.07697,1.07603,1.07691,9225
2024-04-03 00:00:00,1.07686,1.07735,1.07659,1.07689,6244
2024-04-03 04:00:00,1.07688,1.07794,1.07658,1.07748,8439
2024-04-03 08:00:00,1.07747,1.07775,1.07641,1.0771600000000001,14049
2024-04-03 12:00:00,1.07715,1.07865,1.07651,1.07782,20265
2024-04-03 16:00:00,1.0778,1.0836,1.0777700000000001,1.08308,33254
2024-04-03 20:00:00,1.08306,1.0836999999999999,1.08256,1.08356,12469
2024-04-04 00:00:00,1.08352,1.08437,1.0830899999999999,1.08432,6290
2024-04-04 04:00:00,1.0843099999999999,1.08449,1.08384,1.08427,7412
2024-04-04 08:00:00,1.08428,1.08627,1.0839,1.0862,17809
2024-04-04 12:00:00,1.08619,1.08703,1.08506,1.08696,16606
2024-04-04 16:00:00,1.08697,1.08765,1.0858,1.08588,19842
2024-04-04 20:00:00,1.08587,1.08619,1.08317,1.08367,22072
2024-04-05 00:00:00,1.08305,1.08441,1.08305,1.08417,13524
2024-04-05 04:00:00,1.08416,1.0843099999999999,1.08234,1.0826500000000001,10417
2024-04-05 08:00:00,1.08264,1.08463,1.08224,1.08376,15762
2024-04-05 12:00:00,1.08375,1.08478,1.08001,1.08092,19950
2024-04-05 16:00:00,1.08092,1.08445,1.07915,1.08358,32619
2024-04-05 20:00:00,1.0836,1.0839,1.08306,1.08361,15521
2024-04-08 00:00:00,1.08362,1.08385,1.08231,1.08271,8406
2024-04-08 04:00:00,1.08272,1.08434,1.0827,1.08322,11293
2024-04-08 08:00:00,1.08323,1.08379,1.08222,1.08235,18957
2024-04-08 12:00:00,1.08236,1.08356,1.0821,1.08343,16074
2024-04-08 16:00:00,1.08345,1.08589,1.08344,1.08502,23759
2024-04-08 20:00:00,1.08503,1.08623,1.08495,1.08587,10534
2024-04-09 00:00:00,1.08561,1.08635,1.08542,1.08587,7980
2024-04-09 04:00:00,1.08588,1.08623,1.08539,1.08566,8005
2024-04-09 08:00:00,1.08567,1.08628,1.08491,1.08577,13120
2024-04-09 12:00:00,1.08576,1.0884,1.08564,1.08807,16270
2024-04-09 16:00:00,1.08808,1.08851,1.08523,1.08546,26365
2024-04-09 20:00:00,1.08545,1.08592,1.08476,1.08566,11763
2024-04-10 00:00:00,1.08564,1.08599,1.0854300000000001,1.08573,8075
2024-04-10 04:00:00,1.08574,1.0859,1.08505,1.08527,8410
2024-04-10 08:00:00,1.08526,1.08607,1.08478,1.0860400000000001,13054
2024-04-10 12:00:00,1.08605,1.08664,1.07782,1.07808,18691
2024-04-10 16:00:00,1.07807,1.07811,1.07288,1.07361,33658
2024-04-10 20:00:00,1.0735999999999999,1.07542,1.07291,1.0742099999999999,25248
2024-04-11 00:00:00,1.07413,1.07461,1.07383,1.07427,8152
2024-04-11 04:00:00,1.07426,1.0749,1.07412,1.07463,9586
2024-04-11 08:00:00,1.07464,1.0749900000000001,1.07266,1.07406,20127
2024-04-11 12:00:00,1.07407,1.07468,1.0714299999999999,1.07413,24711
2024-04-11 16:00:00,1.07413,1.07564,1.06991,1.07176,34905
2024-04-11 20:00:00,1.07177,1.07346,1.0715,1.0725500000000001,16677
2024-04-12 00:00:00,1.07246,1.07294,1.07224,1.0726,4666
2024-04-12 04:00:00,1.07261,1.07283,1.07108,1.07113,9569
2024-04-12 08:00:00,1.07112,1.07142,1.06706,1.06711,21758
2024-04-12 12:00:00,1.06712,1.06749,1.06312,1.06383,26083
2024-04-12 16:00:00,1.06384,1.06508,1.06225,1.06418,34448
2024-04-12 20:00:00,1.06419,1.06507,1.06372,1.06401,17174
2024-04-15 00:00:00,1.06349,1.06516,1.06315,1.06456,10263
2024-04-15 04:00:00,1.06456,1.06547,1.0639,1.06525,11774
2024-04-15 08:00:00,1.06526,1.06649,1.06499,1.06564,22207
2024-04-15 12:00:00,1.06565,1.06652,1.06309,1.0647199999999999,22785
2024-04-15 16:00:00,1.06474,1.06606,1.06218,1.06361,33434
2024-04-15 20:00:00,1.0636,1.06396,1.06203,1.06239,19704
2024-04-16 00:00:00,1.0622,1.06286,1.0618,1.06184,7580
2024-04-16 04:00:00,1.06185,1.06193,1.06061,1.06141,13029
2024-04-16 08:00:00,1.0614,1.06247,1.06022,1.06162,22940
2024-04-16 12:00:00,1.06162,1.06537,1.06162,1.06389,24806
2024-04-16 16:00:00,1.0639,1.06449,1.06187,1.06252,35702
2024-04-16 20:00:00,1.06251,1.0635,1.0601099999999999,1.06186,25392
2024-04-17 00:00:00,1.06159,1.06254,1.06125,1.06224,8837
2024-04-17 04:00:00,1.06223,1.06357,1.06203,1.0625,11699
2024-04-17 08:00:00,1.06251,1.0649,1.0606,1.06404,24902
2024-04-17 12:00:00,1.06404,1.06492,1.06314,1.0635,22096
2024-04-17 16:00:00,1.06348,1.06562,1.06299,1.06498,33099
2024-04-17 20:00:00,1.06497,1.06795,1.06478,1.06725,22164
2024-04-18 00:00:00,1.06722,1.06752,1.06642,1.06699,6541
2024-04-18 04:00:00,1.06701,1.06804,1.06646,1.06784,10543
2024-04-18 08:00:00,1.06783,1.06901,1.06749,1.06786,19155
2024-04-18 12:00:00,1.06786,1.06814,1.06598,1.06627,19856
2024-04-18 16:00:00,1.06629,1.06685,1.06462,1.06535,29468
2024-04-18 20:00:00,1.06534,1.06547,1.06414,1.06429,15050
2024-04-19 00:00:00,1.06424,1.0645,1.0636,1.06388,7736
2024-04-19 04:00:00,1.06387,1.06433,1.06103,1.06349,31284
2024-04-19 08:00:00,1.06347,1.0659399999999999,1.06269,1.06458,28236
2024-04-19 12:00:00,1.06456,1.06736,1.06431,1.0665499999999999,24397
2024-04-19 16:00:00,1.06654,1.0677699999999999,1.06401,1.06534,30939
2024-04-19 20:00:00,1.06536,1.06584,1.06465,1.0655000000000001,16608
2024-04-22 00:00:00,1.06552,1.06649,1.06496,1.06534,8127
2024-04-22 04:00:00,1.0653299999999999,1.06707,1.0653299999999999,1.06654,10798
2024-04-22 08:00:00,1.06656,1.06692,1.06473,1.06569,18387
2024-04-22 12:00:00,1.0657,1.0662,1.06308,1.06398,19878
2024-04-22 16:00:00,1.06399,1.06509,1.06239,1.06488,22890
2024-04-22 20:00:00,1.0648900000000001,1.06609,1.06481,1.0654,11437
2024-04-23 00:00:00,1.06539,1.0659399999999999,1.06503,1.06587,4662
2024-04-23 04:00:00,1.06587,1.06607,1.06534,1.06552,8731
2024-04-23 08:00:00,1.06551,1.0695000000000001,1.06386,1.06709,20619
2024-04-23 12:00:00,1.06709,1.0678,1.06532,1.0672,20350
2024-04-23 16:00:00,1.06721,1.07112,1.066,1.07001,27839
2024-04-23 20:00:00,1.06999,1.07078,1.06993,1.07007,10859
2024-04-24 00:00:00,1.06999,1.07107,1.06995,1.07096,5324
2024-04-24 04:00:00,1.07095,1.0714299999999999,1.07044,1.07054,9740
2024-04-24 08:00:00,1.07053,1.07057,1.06807,1.06835,15956
2024-04-24 12:00:00,1.06835,1.06929,1.0678,1.06868,17732
2024-04-24 16:00:00,1.06868,1.07026,1.0681,1.06906,26547
2024-04-24 20:00:00,1.06906,1.07066,1.0687,1.06984,13858
2024-04-25 00:00:00,1.06974,1.07047,1.06914,1.07033,4878
2024-04-25 04:00:00,1.07034,1.071,1.0697,1.07092,7493
2024-04-25 08:00:00,1.07093,1.0729,1.07078,1.07256,17133
2024-04-25 12:00:00,1.0725500000000001,1.074,1.06854,1.0692,18832
2024-04-25 16:00:00,1.06922,1.07352,1.06781,1.07312,31748
2024-04-25 20:00:00,1.07313,1.07388,1.0723,1.07292,16752
2024-04-26 00:00:00,1.07284,1.07302,1.07227,1.07274,5339
2024-04-26 04:00:00,1.07274,1.07293,1.07185,1.07225,9118
2024-04-26 08:00:00,1.07225,1.07528,1.07215,1.0741,19580
2024-04-26 12:00:00,1.07408,1.07433,1.071,1.07163,21985
2024-04-26 16:00:00,1.07164,1.0723799999999999,1.06739,1.06944,30038
2024-04-26 20:00:00,1.06945,1.07071,1.06908,1.06916,10864
2024-04-29 00:00:00,1.06923,1.07111,1.06879,1.07099,7127
2024-04-29 04:00:00,1.07098,1.07336,1.07075,1.07291,19718
2024-04-29 08:00:00,1.07289,1.07338,1.0701100000000001,1.07045,31501
2024-04-29 12:00:00,1.07045,1.07273,1.06971,1.07034,21308
2024-04-29 16:00:00,1.07034,1.07291,1.069,1.07261,25138
2024-04-29 20:00:00,1.07259,1.07298,1.0715,1.07204,15252
2024-04-30 00:00:00,1.0719400000000001,1.07225,1.07103,1.07152,6669
2024-04-30 04:00:00,1.07151,1.0718,1.07024,1.07056,9377
2024-04-30 08:00:00,1.07055,1.07124,1.0689899999999999,1.07111,18646
2024-04-30 12:00:00,1.07112,1.07355,1.06895,1.07003,23421
2024-04-30 16:00:00,1.07003,1.07196,1.06759,1.0679,33518
2024-04-30 20:00:00,1.06791,1.06831,1.06648,1.06649,15106
2024-05-01 00:00:00,1.06643,1.0673300000000001,1.06578,1.06617,6247
2024-05-01 04:00:00,1.06616,1.06633,1.0655000000000001,1.0656,6860
2024-05-01 08:00:00,1.06559,1.06706,1.06494,1.06694,11065
2024-05-01 12:00:00,1.06695,1.06849,1.06668,1.06842,15019
2024-05-01 16:00:00,1.06844,1.06917,1.06707,1.06717,22082
2024-05-01 20:00:00,1.0671599999999999,1.07327,1.06705,1.0711,31547
2024-05-02 00:00:00,1.07063,1.07205,1.07018,1.07117,10040
2024-05-02 04:00:00,1.07118,1.0721,1.07069,1.07177,12142
2024-05-02 08:00:00,1.07179,1.07282,1.06999,1.07043,23140
2024-05-02 12:00:00,1.07042,1.07122,1.06934,1.0701100000000001,22654
2024-05-02 16:00:00,1.0701100000000001,1.07216,1.06741,1.07167,32821
2024-05-02 20:00:00,1.07167,1.07304,1.0714,1.07245,17335
2024-05-03 00:00:00,1.07228,1.07317,1.07192,1.07315,7270
2024-05-03 04:00:00,1.07314,1.07394,1.07309,1.07324,10273
2024-05-03 08:00:00,1.07322,1.07442,1.07244,1.07424,17546
2024-05-03 12:00:00,1.07425,1.08125,1.07387,1.07937,20948
2024-05-03 16:00:00,1.07938,1.07976,1.07514,1.07635,34439
2024-05-03 20:00:00,1.07636,1.07695,1.0759,1.07609,11967
2024-05-06 00:00:00,1.076,1.0769,1.07552,1.07675,6173
2024-05-06 04:00:00,1.07677,1.07717,1.07622,1.07631,10156
2024-05-06 08:00:00,1.0763,1.07761,1.07576,1.07686,15203
2024-05-06 12:00:00,1.07686,1.0790899999999999,1.07662,1.07875,15407
2024-05-06 16:00:00,1.07876,1.07888,1.07713,1.07743,16836
2024-05-06 20:00:00,1.07745,1.07766,1.07663,1.07675,9133
2024-05-07 00:00:00,1.0766499999999999,1.07763,1.07654,1.07751,6044
2024-05-07 04:00:00,1.07751,1.07769,1.07606,1.07659,11090
2024-05-07 08:00:00,1.07658,1.07696,1.07541,1.07638,17492
2024-05-07 12:00:00,1.07637,1.07792,1.07552,1.07756,16421
2024-05-07 16:00:00,1.07757,1.07875,1.07661,1.07704,21561
2024-05-07 20:00:00,1.07705,1.07708,1.07479,1.0754,12256
2024-05-08 00:00:00,1.07526,1.07564,1.07469,1.07481,5374
2024-05-08 04:00:00,1.0748,1.07488,1.0738,1.07415,9553
2024-05-08 08:00:00,1.07413,1.07491,1.07351,1.07442,13849
2024-05-08 12:00:00,1.07443,1.07537,1.07398,1.0749,15587
2024-05-08 16:00:00,1.07492,1.07576,1.07442,1.07458,19382
2024-05-08 20:00:00,1.0746,1.07486,1.07408,1.07478,9513
2024-05-09 00:00:00,1.07472,1.07506,1.07423,1.07433,4637
2024-05-09 04:00:00,1.07432,1.07516,1.07423,1.07454,8552
2024-05-09 08:00:00,1.07455,1.07465,1.07261,1.07281,12717
2024-05-09 12:00:00,1.07282,1.07623,1.0723799999999999,1.07594,19561
2024-05-09 16:00:00,1.07593,1.07818,1.07506,1.07759,22049
2024-05-09 20:00:00,1.0776,1.07845,1.07733,1.07818,10961
2024-05-10 00:00:00,1.07806,1.07859,1.07755,1.07792,4375
2024-05-10 04:00:00,1.07793,1.07827,1.07731,1.0774,7649
2024-05-10 08:00:00,1.07741,1.07868,1.07715,1.07807,16585
2024-05-10 12:00:00,1.07808,1.07863,1.07661,1.077,17319
2024-05-10 16:00:00,1.07702,1.07902,1.07601,1.0776,23329
2024-05-10 20:00:00,1.07759,1.07776,1.07683,1.07711,8704
2024-05-13 00:00:00,1.07686,1.07754,1.07658,1.07694,6245
2024-05-13 04:00:00,1.07693,1.07732,1.07658,1.07697,9301
2024-05-13 08:00:00,1.07698,1.07846,1.07688,1.0783800000000001,14967
2024-05-13 12:00:00,1.07839,1.07997,1.07773,1.07983,14480
2024-05-13 16:00:00,1.07984,1.08069,1.07893,1.07935,20141
2024-05-13 20:00:00,1.07934,1.07941,1.07868,1.07892,8737
2024-05-14 00:00:00,1.07882,1.07936,1.07854,1.07877,4150
2024-05-14 04:00:00,1.07876,1.07898,1.07844,1.07855,6368
2024-05-14 08:00:00,1.07856,1.07894,1.07753,1.0783800000000001,12597
2024-05-14 12:00:00,1.07837,1.08103,1.07668,1.0803,17389
2024-05-14 16:00:00,1.08031,1.08257,1.08007,1.0817,24408
2024-05-14 20:00:00,1.08169,1.08231,1.08154,1.08179,8136
2024-05-15 00:00:00,1.0818699999999999,1.08197,1.08131,1.0817,5089
2024-05-15 04:00:00,1.08168,1.08279,1.08164,1.08214,7394
2024-05-15 08:00:00,1.08215,1.08346,1.08212,1.08299,14604
2024-05-15 12:00:00,1.083,1.08694,1.08219,1.08611,20217
2024-05-15 16:00:00,1.08611,1.08746,1.08316,1.08719,30298
2024-05-15 20:00:00,1.0872,1.08862,1.08716,1.08841,11508
2024-05-16 00:00:00,1.0883099999999999,1.08951,1.08776,1.08938,7936
2024-05-16 04:00:00,1.08939,1.0894,1.08814,1.08847,12652
2024-05-16 08:00:00,1.08849,1.08852,1.08661,1.08734,16829
2024-05-16 12:00:00,1.08733,1.0875,1.08605,1.08634,17215
2024-05-16 16:00:00,1.08633,1.08758,1.0854300000000001,1.08735,22401
2024-05-16 20:00:00,1.08734,1.08755,1.08647,1.08664,10107
2024-05-17 00:00:00,1.08657,1.08692,1.08598,1.0863,5112
2024-05-17 04:00:00,1.08629,1.08639,1.0854300000000001,1.08562,8762
2024-05-17 08:00:00,1.08563,1.08685,1.08415,1.08442,14428
2024-05-17 12:00:00,1.08443,1.08468,1.08356,1.0843,14062
2024-05-17 16:00:00,1.0843099999999999,1.08784,1.0843,1.08686,21036
2024-05-17 20:00:00,1.08685,1.08769,1.0867499999999999,1.0867499999999999,9541
2024-05-20 00:00:00,1.08666,1.08772,1.08638,1.08753,5190
2024-05-20 04:00:00,1.08752,1.08824,1.08716,1.08808,8437
2024-05-20 08:00:00,1.08809,1.08846,1.08693,1.08746,12891
2024-05-20 12:00:00,1.08747,1.08752,1.08542,1.08575,14456
2024-05-20 16:00:00,1.08574,1.08699,1.08574,1.0866,17131
2024-05-20 20:00:00,1.08658,1.08706,1.08564,1.08564,7827
2024-05-21 00:00:00,1.08556,1.08618,1.08549,1.08615,4563
2024-05-21 04:00:00,1.0861399999999999,1.08616,1.0851,1.08587,10094
2024-05-21 08:00:00,1.08588,1.08696,1.08566,1.08666,14244
2024-05-21 12:00:00,1.08667,1.08749,1.08547,1.08571,15293
2024-05-21 16:00:00,1.08572,1.08618,1.08426,1.08541,24054
2024-05-21 20:00:00,1.0854,1.08566,1.08465,1.08535,8366
2024-05-22 00:00:00,1.08526,1.086,1.0851,1.08576,4576
2024-05-22 04:00:00,1.08575,1.08636,1.08527,1.08535,8799
2024-05-22 08:00:00,1.08534,1.08635,1.08461,1.08486,15308
2024-05-22 12:00:00,1.08487,1.08499,1.08218,1.08321,18351
2024-05-22 16:00:00,1.08319,1.08444,1.08317,1.08425,21018
2024-05-22 20:00:00,1.08426,1.08471,1.08175,1.08224,16742
2024-05-23 00:00:00,1.08223,1.08288,1.08193,1.08257,5380
2024-05-23 04:00:00,1.08256,1.08325,1.08219,1.08267,9069
2024-05-23 08:00:00,1.0826500000000001,1.08447,1.08123,1.0838700000000001,18632
2024-05-23 12:00:00,1.08386,1.08545,1.08335,1.08526,18610
2024-05-23 16:00:00,1.08527,1.0861,1.0818,1.08183,28914
2024-05-23 20:00:00,1.08184,1.08201,1.08048,1.0814300000000001,16244
2024-05-24 00:00:00,1.0814,1.08151,1.08075,1.08103,6167
2024-05-24 04:00:00,1.08102,1.08139,1.08056,1.08092,9541
2024-05-24 08:00:00,1.08093,1.08282,1.08075,1.0824799999999999,14204
2024-05-24 12:00:00,1.08247,1.08537,1.08235,1.08512,16602
2024-05-24 16:00:00,1.08513,1.08579,1.08421,1.08471,21140
2024-05-24 20:00:00,1.0847,1.08535,1.08452,1.08468,9626
2024-05-27 00:00:00,1.08465,1.08513,1.08421,1.08486,4163
2024-05-27 04:00:00,1.08487,1.08521,1.08471,1.08486,5602
2024-05-27 08:00:00,1.08485,1.08533,1.08441,1.08495,9250
2024-05-27 12:00:00,1.08494,1.0867499999999999,1.08407,1.08491,13852
2024-05-27 16:00:00,1.08491,1.08621,1.08444,1.08599,11178
2024-05-27 20:00:00,1.086,1.08608,1.08564,1.0857,1954
2024-05-28 00:00:00,1.08568,1.08682,1.08533,1.08652,6456
2024-05-28 04:00:00,1.08651,1.08802,1.08642,1.08761,12451
2024-05-28 08:00:00,1.08762,1.08801,1.08669,1.08701,14947
2024-05-28 12:00:00,1.08702,1.08891,1.08671,1.08765,15975
2024-05-28 16:00:00,1.08766,1.08801,1.08577,1.0875,23789
2024-05-28 20:00:00,1.08749,1.08757,1.08551,1.08564,14636
2024-05-29 00:00:00,1.08566,1.08597,1.08475,1.08513,7108
2024-05-29 04:00:00,1.08512,1.0857,1.08441,1.08477,9365
2024-05-29 08:00:00,1.08478,1.08588,1.08289,1.08373,18564
2024-05-29 12:00:00,1.08374,1.08585,1.08354,1.08462,19206
2024-05-29 16:00:00,1.08464,1.08468,1.08074,1.08154,27184
2024-05-29 20:00:00,1.08155,1.08159,1.08,1.08011,12601
2024-05-30 00:00:00,1.08015,1.08045,1.07953,1.07965,6552
2024-05-30 04:00:00,1.07966,1.08044,1.07921,1.07959,10956
2024-05-30 08:00:00,1.0796000000000001,1.08186,1.07883,1.08151,21573
2024-05-30 12:00:00,1.0815,1.08329,1.08083,1.08291,19946
2024-05-30 16:00:00,1.08291,1.08452,1.08255,1.084,24705
2024-05-30 20:00:00,1.08401,1.08433,1.08268,1.08318,10916
2024-05-31 00:00:00,1.08319,1.08348,1.08268,1.08321,5715
2024-05-31 04:00:00,1.08322,1.08337,1.08112,1.08184,11538
2024-05-31 08:00:00,1.08183,1.08385,1.08146,1.0834,15413
2024-05-31 12:00:00,1.08342,1.08824,1.0834,1.08803,19674
2024-05-31 16:00:00,1.08802,1.08807,1.08397,1.08474,30882
2024-05-31 20:00:00,1.08473,1.08528,1.08406,1.08481,13107
2024-06-03 00:00:00,1.08478,1.08576,1.08437,1.08564,7011
2024-06-03 04:00:00,1.08565,1.08587,1.08493,1.0852,8977
2024-06-03 08:00:00,1.08519,1.08587,1.08334,1.08401,17329
2024-06-03 12:00:00,1.08402,1.08499,1.08278,1.08444,18724
2024-06-03 16:00:00,1.08445,1.08906,1.08445,1.08852,28218
2024-06-03 20:00:00,1.08853,1.09046,1.08812,1.09038,13616
2024-06-04 00:00:00,1.09021,1.09161,1.09,1.09129,6307
2024-06-04 04:00:00,1.09128,1.09139,1.09051,1.09093,8222
2024-06-04 08:00:00,1.0909200000000001,1.09109,1.08739,1.0881,20616
2024-06-04 12:00:00,1.08809,1.0882,1.08588,1.08646,24581
2024-06-04 16:00:00,1.08647,1.08836,1.0862,1.08804,28037
2024-06-04 20:00:00,1.08803,1.08878,1.08781,1.0878700000000001,13563
2024-06-05 00:00:00,1.08779,1.08861,1.08779,1.08843,5234
2024-06-05 04:00:00,1.08844,1.08861,1.08767,1.08806,7461
2024-06-05 08:00:00,1.08807,1.08823,1.087,1.08759,14551
2024-06-05 12:00:00,1.08758,1.08844,1.08597,1.08841,17026
2024-06-05 16:00:00,1.0884,1.08916,1.08545,1.08644,27681
2024-06-05 20:00:00,1.08645,1.08773,1.08605,1.08684,9748
2024-06-06 00:00:00,1.08685,1.08824,1.08682,1.0882,5003
2024-06-06 04:00:00,1.08821,1.0896,1.0882,1.08874,10266
2024-06-06 08:00:00,1.08873,1.08883,1.08712,1.08774,14679
2024-06-06 12:00:00,1.08773,1.09019,1.08618,1.08816,18730
2024-06-06 16:00:00,1.08814,1.08914,1.08718,1.0882,24044
2024-06-06 20:00:00,1.08819,1.08943,1.0881,1.08884,10765
2024-06-07 00:00:00,1.08858,1.08934,1.08858,1.08895,5107
2024-06-07 04:00:00,1.08896,1.0898,1.08872,1.08954,8874
2024-06-07 08:00:00,1.08956,1.08986,1.0883099999999999,1.08891,17695
2024-06-07 12:00:00,1.0889,1.0903,1.0824,1.08332,23250
2024-06-07 16:00:00,1.08332,1.08357,1.08032,1.08052,31118
2024-06-07 20:00:00,1.08054,1.08072,1.07997,1.08001,13292
2024-06-10 00:00:00,1.07756,1.07815,1.07639,1.0778,9244
2024-06-10 04:00:00,1.07779,1.07802,1.07481,1.0754299999999999,8841
2024-06-10 08:00:00,1.07544,1.07682,1.07478,1.07568,21423
2024-06-10 12:00:00,1.07567,1.07605,1.07326,1.07414,19275
2024-06-10 16:00:00,1.07413,1.07589,1.07332,1.07541,23420
2024-06-10 20:00:00,1.0754,1.07666,1.07502,1.07646,11721
2024-06-11 00:00:00,1.0764,1.07683,1.0758,1.07637,5939
2024-06-11 04:00:00,1.07638,1.07707,1.07624,1.07685,7725
2024-06-11 08:00:00,1.07684,1.07736,1.07434,1.07452,17069
2024-06-11 12:00:00,1.07452,1.07564,1.07237,1.07325,26317
2024-06-11 16:00:00,1.07323,1.0739,1.07193,1.07375,22832
2024-06-11 20:00:00,1.07374,1.07494,1.07367,1.07403,10118
2024-06-12 00:00:00,1.0738,1.07429,1.07349,1.07362,4931
2024-06-12 04:00:00,1.07363,1.07433,1.07345,1.07368,9485
2024-06-12 08:00:00,1.07367,1.07539,1.07356,1.07467,14640
2024-06-12 12:00:00,1.07468,1.08301,1.07441,1.08266,20980
2024-06-12 16:00:00,1.08266,1.08524,1.08174,1.08441,31544
2024-06-12 20:00:00,1.08442,1.08459,1.08036,1.08078,27069
2024-06-13 00:00:00,1.0808,1.08157,1.08044,1.08129,6430
2024-06-13 04:00:00,1.08129,1.08158,1.08031,1.08038,9303
2024-06-13 08:00:00,1.0804,1.08164,1.08004,1.08063,17775
2024-06-13 12:00:00,1.08062,1.0816,1.07805,1.07933,22453
2024-06-13 16:00:00,1.07936,1.08077,1.07327,1.07352,31665
2024-06-13 20:00:00,1.07353,1.0743800000000001,1.07351,1.07367,13203
2024-06-14 00:00:00,1.07359,1.0741,1.07327,1.07364,6292
2024-06-14 04:00:00,1.07365,1.0745,1.0735,1.07364,10442
2024-06-14 08:00:00,1.07363,1.07374,1.06895,1.06919,26384
2024-06-14 12:00:00,1.06918,1.07058,1.06717,1.06893,34589
2024-06-14 16:00:00,1.06892,1.07019,1.06675,1.07006,32401
2024-06-14 20:00:00,1.07007,1.07076,1.06946,1.0701100000000001,13677
2024-06-17 00:00:00,1.07035,1.07093,1.07,1.07041,7373
2024-06-17 04:00:00,1.0704,1.07055,1.06989,1.07041,10510
2024-06-17 08:00:00,1.07043,1.07123,1.06864,1.0707200000000001,26643
2024-06-17 12:00:00,1.07071,1.07178,1.0702099999999999,1.07137,23453
2024-06-17 16:00:00,1.07138,1.07278,1.07116,1.07251,23874
2024-06-17 20:00:00,1.0725,1.07379,1.07233,1.07342,12670
2024-06-18 00:00:00,1.07337,1.07411,1.07305,1.07361,6315
2024-06-18 04:00:00,1.07362,1.07369,1.07202,1.07216,9930
2024-06-18 08:00:00,1.07215,1.07352,1.07149,1.07195,20448
2024-06-18 12:00:00,1.0719400000000001,1.0734,1.071,1.07312,22719
2024-06-18 16:00:00,1.07313,1.07615,1.073,1.07394,30584
2024-06-18 20:00:00,1.07393,1.07431,1.07322,1.07396,14440
2024-06-19 00:00:00,1.07391,1.07413,1.07348,1.07376,4564
2024-06-19 04:00:00,1.07375,1.07425,1.07352,1.07359,7920
2024-06-19 08:00:00,1.0735999999999999,1.07418,1.07247,1.07404,20241
2024-06-19 12:00:00,1.07403,1.07535,1.07325,1.07459,20532
2024-06-19 16:00:00,1.07461,1.07509,1.07408,1.07471,11329
2024-06-19 20:00:00,1.0747,1.07474,1.07426,1.07429,2015
2024-06-20 00:00:00,1.07414,1.07489,1.07411,1.07463,4335
2024-06-20 04:00:00,1.07462,1.07481,1.07388,1.07427,7746
2024-06-20 08:00:00,1.07426,1.07434,1.07125,1.07167,18610
2024-06-20 12:00:00,1.07167,1.07323,1.07127,1.07191,23455
2024-06-20 16:00:00,1.07192,1.07307,1.07034,1.07071,26950
2024-06-20 20:00:00,1.07071,1.07178,1.07013,1.07015,14873
2024-06-21 00:00:00,1.0701100000000001,1.07078,1.0701100000000001,1.07068,5990
2024-06-21 04:00:00,1.07066,1.07187,1.07049,1.07185,9113
2024-06-21 08:00:00,1.07186,1.07207,1.06709,1.0691,22899
2024-06-21 12:00:00,1.06909,1.06981,1.06766,1.06947,24795
2024-06-21 16:00:00,1.06946,1.0698,1.0678,1.06922,27942
2024-06-21 20:00:00,1.0692,1.06969,1.06905,1.06911,11624
2024-06-24 00:00:00,1.06852,1.06956,1.06848,1.06918,6645
2024-06-24 04:00:00,1.06919,1.06947,1.06836,1.06945,11818
2024-06-24 08:00:00,1.06946,1.07178,1.06946,1.07134,18613
2024-06-24 12:00:00,1.0713300000000001,1.0735999999999999,1.07132,1.07347,24832
2024-06-24 16:00:00,1.07348,1.07465,1.07234,1.07278,25763
2024-06-24 20:00:00,1.07277,1.07383,1.07219,1.07322,13257
2024-06-25 00:00:00,1.07295,1.07358,1.07293,1.07341,4906
2024-06-25 04:00:00,1.07342,1.07401,1.07323,1.07396,10321
2024-06-25 08:00:00,1.07397,1.07443,1.07207,1.07343,19184
2024-06-25 12:00:00,1.07342,1.07352,1.0702099999999999,1.0705,21486
2024-06-25 16:00:00,1.07051,1.07131,1.06905,1.07047,24029
2024-06-25 20:00:00,1.07047,1.07177,1.07044,1.07141,10869
2024-06-26 00:00:00,1.0712,1.07153,1.07062,1.07115,4979
2024-06-26 04:00:00,1.07114,1.0718,1.07076,1.07104,10241
2024-06-26 08:00:00,1.07105,1.07113,1.06852,1.06949,18791
2024-06-26 12:00:00,1.06948,1.06996,1.0677,1.0677,23102
2024-06-26 16:00:00,1.06769,1.06956,1.06659,1.06821,30746
2024-06-26 20:00:00,1.06822,1.06909,1.06749,1.06804,12542
2024-06-27 00:00:00,1.06802,1.06822,1.06771,1.06783,7063
2024-06-27 04:00:00,1.06784,1.06948,1.06778,1.06945,10508
2024-06-27 08:00:00,1.06944,1.0699,1.06805,1.0688,19501
2024-06-27 12:00:00,1.06881,1.07222,1.06872,1.07195,24443
2024-06-27 16:00:00,1.07195,1.07265,1.07003,1.07066,27404
2024-06-27 20:00:00,1.07066,1.07085,1.07012,1.07033,12578
2024-06-28 00:00:00,1.07028,1.07109,1.06976,1.06977,5354
2024-06-28 04:00:00,1.06978,1.0699,1.06854,1.06866,13087
2024-06-28 08:00:00,1.06867,1.0704,1.06861,1.06977,18417
2024-06-28 12:00:00,1.06979,1.072,1.06919,1.07046,22788
2024-06-28 16:00:00,1.07045,1.07221,1.06925,1.07161,35052
2024-06-28 20:00:00,1.0716,1.07248,1.07061,1.0713300000000001,16185
2024-07-01 00:00:00,1.07432,1.07498,1.07323,1.07458,10566
2024-07-01 04:00:00,1.07456,1.07614,1.07427,1.07549,14685
2024-07-01 08:00:00,1.07548,1.07763,1.07495,1.07684,23606
2024-07-01 12:00:00,1.07682,1.07687,1.07398,1.0748199999999999,20065
2024-07-01 16:00:00,1.07483,1.07695,1.07197,1.07315,31369
2024-07-01 20:00:00,1.0731600000000001,1.07427,1.07242,1.07398,13382
2024-07-02 00:00:00,1.07387,1.07418,1.07328,1.07348,6141
2024-07-02 04:00:00,1.07349,1.07365,1.07282,1.07296,8705
2024-07-02 08:00:00,1.07297,1.07358,1.0712,1.07207,21068
2024-07-02 12:00:00,1.07207,1.07337,1.071,1.07317,19743
2024-07-02 16:00:00,1.07318,1.07467,1.07241,1.0732,28892
2024-07-02 20:00:00,1.07321,1.07472,1.07317,1.07447,10959
2024-07-03 00:00:00,1.07444,1.07544,1.07414,1.07481,5699
2024-07-03 04:00:00,1.0748,1.07481,1.07404,1.07425,6424
2024-07-03 08:00:00,1.07424,1.07636,1.07363,1.07583,18056
2024-07-03 12:00:00,1.07582,1.07784,1.07525,1.07746,19888
2024-07-03 16:00:00,1.07747,1.08168,1.0772,1.07959,29963
2024-07-03 20:00:00,1.07958,1.07959,1.07781,1.07859,8144
2024-07-04 00:00:00,1.07814,1.07937,1.07814,1.07926,4478
2024-07-04 04:00:00,1.07927,1.07951,1.07835,1.07868,7209
2024-07-04 08:00:00,1.07867,1.08032,1.07849,1.0802,16747
2024-07-04 12:00:00,1.0802100000000001,1.0803,1.0794,1.07972,16072
2024-07-04 16:00:00,1.07971,1.08139,1.07948,1.08122,13234
2024-07-04 20:00:00,1.08123,1.08138,1.08103,1.08103,3062
2024-07-05 00:00:00,1.08098,1.08181,1.08092,1.08149,5357
2024-07-05 04:00:00,1.08148,1.08245,1.08139,1.08221,8942
2024-07-05 08:00:00,1.0822,1.08307,1.08164,1.08282,15018
2024-07-05 12:00:00,1.08281,1.0842,1.07993,1.08296,19412
2024-07-05 16:00:00,1.08297,1.0834,1.08106,1.08255,30824
2024-07-05 20:00:00,1.08254,1.08427,1.0825,1.08386,10990
2024-07-08 00:00:00,1.0802,1.08332,1.08003,1.08217,9712
2024-07-08 04:00:00,1.08216,1.08364,1.082,1.08289,10447
2024-07-08 08:00:00,1.08288,1.0843099999999999,1.08145,1.08385,22325
2024-07-08 12:00:00,1.08384,1.08445,1.08235,1.08437,20029
2024-07-08 16:00:00,1.0844,1.08451,1.08286,1.08325,21913
2024-07-08 20:00:00,1.08324,1.08338,1.08224,1.08233,9192
2024-07-09 00:00:00,1.08234,1.08335,1.08234,1.08271,4178
2024-07-09 04:00:00,1.08271,1.08312,1.08192,1.08296,7568
2024-07-09 08:00:00,1.08297,1.08308,1.08153,1.08225,14970
2024-07-09 12:00:00,1.08226,1.08285,1.0812,1.08157,17226
2024-07-09 16:00:00,1.08158,1.08281,1.08054,1.081,27550
2024-07-09 20:00:00,1.08101,1.08167,1.08064,1.08131,11436
2024-07-10 00:00:00,1.08119,1.08169,1.08097,1.08122,5015
2024-07-10 04:00:00,1.08121,1.08212,1.08108,1.08185,8806
2024-07-10 08:00:00,1.08186,1.08251,1.08119,1.08156,15832
2024-07-10 12:00:00,1.08155,1.08282,1.08133,1.08271,17248
2024-07-10 16:00:00,1.0827,1.0829,1.08198,1.0827,23090
2024-07-10 20:00:00,1.08271,1.08305,1.08174,1.08294,11485
2024-07-11 00:00:00,1.08287,1.08368,1.08247,1.08353,5063
2024-07-11 04:00:00,1.08352,1.08402,1.08325,1.08365,7363
2024-07-11 08:00:00,1.08366,1.08479,1.08321,1.08474,14868
2024-07-11 12:00:00,1.08473,1.08997,1.08432,1.08868,21529
2024-07-11 16:00:00,1.08869,1.0899,1.08639,1.08669,36692
2024-07-11 20:00:00,1.0867,1.087,1.08597,1.0867499999999999,15156
2024-07-12 00:00:00,1.0867,1.08746,1.08622,1.08699,11973
2024-07-12 04:00:00,1.087,1.08723,1.08635,1.08698,10415
2024-07-12 08:00:00,1.08699,1.08873,1.08617,1.08868,17599
2024-07-12 12:00:00,1.08869,1.08929,1.0873599999999999,1.08905,22797
2024-07-12 16:00:00,1.08906,1.0911,1.08868,1.09045,32462
2024-07-12 20:00:00,1.09046,1.09115,1.0901,1.09057,12006
2024-07-15 00:00:00,1.08854,1.08939,1.08823,1.08883,9557
2024-07-15 04:00:00,1.08884,1.08958,1.08861,1.08938,8789
2024-07-15 08:00:00,1.08937,1.09093,1.08837,1.09085,18527
2024-07-15 12:00:00,1.09084,1.09203,1.0902,1.09074,22675
2024-07-15 16:00:00,1.0907499999999999,1.09223,1.09,1.09062,26711
2024-07-15 20:00:00,1.09064,1.09064,1.08932,1.08941,18297
2024-07-16 00:00:00,1.08944,1.08987,1.0890900000000001,1.08914,6156
2024-07-16 04:00:00,1.08916,1.08947,1.08887,1.08925,9611
2024-07-16 08:00:00,1.08924,1.09028,1.08835,1.09003,18863
2024-07-16 12:00:00,1.09004,1.09056,1.08754,1.08807,22708
2024-07-16 16:00:00,1.08808,1.0889199999999999,1.08715,1.0889,28115
2024-07-16 20:00:00,1.08889,1.0903,1.08878,1.08989,12850
2024-07-17 00:00:00,1.08982,1.0903,1.08959,1.08976,6989
2024-07-17 04:00:00,1.08977,1.09069,1.08956,1.0903100000000001,7972
2024-07-17 08:00:00,1.09032,1.09438,1.0895,1.09419,25805
2024-07-17 12:00:00,1.09419,1.0945,1.09289,1.09425,26781
2024-07-17 16:00:00,1.09424,1.09481,1.09238,1.09298,30420
2024-07-17 20:00:00,1.09299,1.09401,1.09282,1.09386,14438
2024-07-18 00:00:00,1.09381,1.0941,1.09366,1.09371,7573
2024-07-18 04:00:00,1.09371,1.09391,1.09315,1.09336,11393
2024-07-18 08:00:00,1.09336,1.09386,1.09262,1.09308,21433
2024-07-18 12:00:00,1.09307,1.09369,1.09237,1.09285,19289
2024-07-18 16:00:00,1.09287,1.09291,1.09049,1.09161,32253
2024-07-18 20:00:00,1.0916,1.09165,1.08935,1.0896,17893
2024-07-19 00:00:00,1.08954,1.09019,1.08908,1.08921,8328
2024-07-19 04:00:00,1.08923,1.08948,1.08861,1.0889199999999999,10832
2024-07-19 08:00:00,1.08871,1.08906,1.08762,1.0879,2190
2024-07-19 12:00:00,1.0879,1.08942,1.08775,1.0889,1991
2024-07-19 16:00:00,1.0889,1.08912,1.08793,1.0885,1871
2024-07-19 20:00:00,1.0885,1.08854,1.08757,1.08832,1177
2024-07-22 00:00:00,1.08857,1.09028,1.08806,1.0894,10228
2024-07-22 04:00:00,1.08941,1.08954,1.08847,1.08875,11039
2024-07-22 08:00:00,1.08876,1.08925,1.08786,1.08882,22328
2024-07-22 12:00:00,1.08881,1.08956,1.08751,1.08781,20092
2024-07-22 16:00:00,1.08782,1.08869,1.0873,1.08864,25817
2024-07-22 20:00:00,1.08865,1.08918,1.08859,1.08906,12716
2024-07-23 00:00:00,1.08905,1.08935,1.08862,1.08898,6144
2024-07-23 04:00:00,1.08897,1.08968,1.08874,1.0890900000000001,11049
2024-07-23 08:00:00,1.0891,1.08914,1.0868,1.08779,19337
2024-07-23 12:00:00,1.0878,1.08783,1.08547,1.0856,20985
2024-07-23 16:00:00,1.08559,1.0858,1.08438,1.08535,23213
2024-07-23 20:00:00,1.08536,1.08566,1.08493,1.08529,13005
2024-07-24 00:00:00,1.08525,1.08548,1.08457,1.08468,6005
2024-07-24 04:00:00,1.08467,1.08505,1.08417,1.0847,13438
2024-07-24 08:00:00,1.08471,1.08537,1.08257,1.08351,22600
2024-07-24 12:00:00,1.08352,1.08594,1.08323,1.08581,20957
2024-07-24 16:00:00,1.08584,1.0866500000000001,1.08475,1.0851,30017
2024-07-24 20:00:00,1.08512,1.0855,1.0836,1.08394,16328
2024-07-25 00:00:00,1.08403,1.08423,1.08349,1.08395,8470
2024-07-25 04:00:00,1.08396,1.08441,1.08362,1.08398,14560
2024-07-25 08:00:00,1.08397,1.08579,1.08282,1.08461,27703
2024-07-25 12:00:00,1.08459,1.0859,1.0836,1.08498,27109
2024-07-25 16:00:00,1.08499,1.08647,1.08303,1.08621,36628
2024-07-25 20:00:00,1.08622,1.087,1.08436,1.08452,20568
2024-07-26 00:00:00,1.0844,1.08555,1.08435,1.08541,7925
2024-07-26 04:00:00,1.0854,1.08606,1.0852,1.08584,10629
2024-07-26 08:00:00,1.08585,1.08608,1.08421,1.08515,19821
2024-07-26 12:00:00,1.08516,1.08655,1.08478,1.08606,19191
2024-07-26 16:00:00,1.08606,1.08682,1.08513,1.08654,27981
2024-07-26 20:00:00,1.08655,1.08655,1.08549,1.08557,15255
2024-07-29 00:00:00,1.08559,1.0866500000000001,1.08509,1.08634,8928
2024-07-29 04:00:00,1.08635,1.08701,1.08581,1.08591,12781
2024-07-29 08:00:00,1.08592,1.08631,1.08316,1.08323,21558
2024-07-29 12:00:00,1.08323,1.08421,1.08149,1.08162,20402
2024-07-29 16:00:00,1.08163,1.08238,1.08027,1.08215,24725
2024-07-29 20:00:00,1.08216,1.08261,1.08194,1.08205,14029
2024-07-30 00:00:00,1.08203,1.08238,1.08154,1.08172,5363
2024-07-30 04:00:00,1.08171,1.08253,1.0814300000000001,1.08242,9378
2024-07-30 08:00:00,1.08241,1.08348,1.08159,1.08286,18644
2024-07-30 12:00:00,1.08287,1.08358,1.08017,1.08019,17436
2024-07-30 16:00:00,1.08018,1.08167,1.07981,1.08139,29975
2024-07-30 20:00:00,1.0814,1.08177,1.08085,1.0815,16147
2024-07-31 00:00:00,1.08149,1.08201,1.08091,1.082,9188
2024-07-31 04:00:00,1.08201,1.08303,1.08164,1.08256,18516
2024-07-31 08:00:00,1.08257,1.08276,1.08064,1.08227,28421
2024-07-31 12:00:00,1.08228,1.08481,1.0822,1.08407,21170
2024-07-31 16:00:00,1.08411,1.08494,1.08043,1.08093,31448
2024-07-31 20:00:00,1.08094,1.0833,1.08017,1.08253,26815
2024-08-01 00:00:00,1.08249,1.0831,1.08217,1.08277,7717
2024-08-01 04:00:00,1.08276,1.08354,1.08242,1.08269,16409
2024-08-01 08:00:00,1.0827,1.08298,1.07813,1.07844,25563
2024-08-01 12:00:00,1.07843,1.0808200000000001,1.07774,1.07966,26115
2024-08-01 16:00:00,1.07967,1.08181,1.07801,1.07864,37470
2024-08-01 20:00:00,1.07865,1.07954,1.07825,1.07912,23017
2024-08-02 00:00:00,1.07908,1.07933,1.07818,1.0791,12225
2024-08-02 04:00:00,1.07911,1.07987,1.07844,1.07976,14561
2024-08-02 08:00:00,1.07977,1.08153,1.07861,1.08146,28429
2024-08-02 12:00:00,1.08146,1.0897000000000001,1.08146,1.0891,29384
2024-08-02 16:00:00,1.0891,1.09265,1.08844,1.0912,43852
2024-08-02 20:00:00,1.09121,1.09168,1.09072,1.09085,24251
2024-08-05 00:00:00,1.0922,1.09234,1.09029,1.09167,18244
2024-08-05 04:00:00,1.09166,1.09396,1.09118,1.09324,29678
2024-08-05 08:00:00,1.09323,1.09749,1.08925,1.09509,39609
2024-08-05 12:00:00,1.0951,1.10087,1.09328,1.0991,35847
2024-08-05 16:00:00,1.09911,1.1003,1.09474,1.09598,40646
2024-08-05 20:00:00,1.09598,1.09644,1.09471,1.09509,31754
2024-08-06 00:00:00,1.09509,1.09631,1.09437,1.09627,18367
2024-08-06 04:00:00,1.09628,1.09631,1.09495,1.0952,23110
2024-08-06 08:00:00,1.0952,1.09551,1.09184,1.09279,35334
2024-08-06 12:00:00,1.09278,1.09278,1.09037,1.09051,33559
2024-08-06 16:00:00,1.09052,1.0935,1.09052,1.09278,38469
2024-08-06 20:00:00,1.09277,1.09337,1.09225,1.0930900000000001,23374
2024-08-07 00:00:00,1.09261,1.09317,1.09231,1.09297,12976
2024-08-07 04:00:00,1.09297,1.09304,1.09108,1.09117,21367
2024-08-07 08:00:00,1.09116,1.0928,1.09052,1.09189,30843
2024-08-07 12:00:00,1.09189,1.09265,1.09082,1.09218,27587
2024-08-07 16:00:00,1.09218,1.09367,1.09123,1.09222,29784
2024-08-07 20:00:00,1.09222,1.09273,1.09174,1.09215,24900
2024-08-08 00:00:00,1.09214,1.09339,1.09179,1.09283,12830
2024-08-08 04:00:00,1.09282,1.09379,1.09234,1.09317,18809
2024-08-08 08:00:00,1.09318,1.09451,1.09298,1.0937000000000001,27348
2024-08-08 12:00:00,1.0937000000000001,1.09397,1.08915,1.08974,24797
2024-08-08 16:00:00,1.08979,1.09146,1.08812,1.09086,35044
2024-08-08 20:00:00,1.09088,1.09192,1.09074,1.09181,18199
2024-08-09 00:00:00,1.0918,1.09196,1.09116,1.0913,8799
2024-08-09 04:00:00,1.0913,1.09246,1.09119,1.09201,14371
2024-08-09 08:00:00,1.09203,1.09292,1.09129,1.09176,21581
2024-08-09 12:00:00,1.09176,1.0926,1.09089,1.09119,20941
2024-08-09 16:00:00,1.09118,1.09313,1.09098,1.09187,24535
2024-08-09 20:00:00,1.09188,1.09236,1.09145,1.0916,14953
2024-08-12 00:00:00,1.09148,1.09199,1.09101,1.09183,6785
2024-08-12 04:00:00,1.09184,1.09231,1.09128,1.09191,8584
2024-08-12 08:00:00,1.09192,1.09286,1.09157,1.09207,16247
2024-08-12 12:00:00,1.09208,1.09301,1.09175,1.092,15803
2024-08-12 16:00:00,1.09201,1.09395,1.09151,1.09229,26862
2024-08-12 20:00:00,1.09228,1.09351,1.0922,1.09308,14954
2024-08-13 00:00:00,1.09301,1.09365,1.09263,1.093,5744
2024-08-13 04:00:00,1.09301,1.09394,1.09293,1.09394,7806
2024-08-13 08:00:00,1.09393,1.09412,1.09205,1.09234,15955
2024-08-13 12:00:00,1.09234,1.09465,1.0913599999999999,1.09407,19332
2024-08-13 16:00:00,1.09408,1.09741,1.09381,1.09725,31138
2024-08-13 20:00:00,1.09725,1.09998,1.09697,1.0991900000000001,25926
2024-08-14 00:00:00,1.0991900000000001,1.09984,1.09809,1.0992,6339
2024-08-14 04:00:00,1.0991900000000001,1.09966,1.09888,1.09929,12005
2024-08-14 08:00:00,1.0993,1.102,1.09864,1.10195,18026
2024-08-14 12:00:00,1.10193,1.10352,1.10038,1.10168,18278
2024-08-14 16:00:00,1.10167,1.10473,1.10155,1.10185,27300
2024-08-14 20:00:00,1.10183,1.10186,1.10109,1.10125,14929
2024-08-15 00:00:00,1.10111,1.10157,1.10092,1.10099,5735
2024-08-15 04:00:00,1.10097,1.10122,1.10034,1.10118,8914
2024-08-15 08:00:00,1.10117,1.10156,1.10051,1.10062,13261
2024-08-15 12:00:00,1.10061,1.10142,1.09517,1.09565,15146
2024-08-15 16:00:00,1.09564,1.09896,1.09496,1.0977999999999999,28562
2024-08-15 20:00:00,1.09779,1.09801,1.09706,1.0971899999999999,14447
2024-08-16 00:00:00,1.0971899999999999,1.09772,1.09696,1.09757,6434
2024-08-16 04:00:00,1.09758,1.09826,1.09743,1.09822,8279
2024-08-16 08:00:00,1.09821,1.09899,1.09767,1.09808,14177
2024-08-16 12:00:00,1.09808,1.09951,1.09787,1.09939,17141
2024-08-16 16:00:00,1.0994,1.10047,1.09827,1.10039,23350
2024-08-16 20:00:00,1.10038,1.10296,1.10038,1.10281,14733
2024-08-19 00:00:00,1.10279,1.10359,1.10225,1.10304,8025
2024-08-19 04:00:00,1.10305,1.10419,1.10275,1.10397,10885
2024-08-19 08:00:00,1.10398,1.10506,1.10355,1.10373,20352
2024-08-19 12:00:00,1.10372,1.10444,1.10309,1.10389,19329
2024-08-19 16:00:00,1.10389,1.10741,1.10301,1.10737,24921
2024-08-19 20:00:00,1.10736,1.10865,1.10705,1.10843,13471
2024-08-20 00:00:00,1.10804,1.10876,1.10801,1.10821,6756
2024-08-20 04:00:00,1.1082,1.10873,1.1075,1.10771,12006
2024-08-20 08:00:00,1.1077,1.1089,1.10719,1.10798,21844
2024-08-20 12:00:00,1.10799,1.10985,1.10749,1.10983,20970
2024-08-20 16:00:00,1.10982,1.1118999999999999,1.10926,1.1115,30106
2024-08-20 20:00:00,1.11151,1.11304,1.11089,1.11295,20186
2024-08-21 00:00:00,1.11284,1.11327,1.11222,1.11278,8223
2024-08-21 04:00:00,1.11279,1.11282,1.11166,1.11191,10549
2024-08-21 08:00:00,1.11192,1.11288,1.11104,1.11185,19027
2024-08-21 12:00:00,1.11184,1.11299,1.11099,1.11248,19240
2024-08-21 16:00:00,1.11248,1.11483,1.10992,1.11463,31118
2024-08-21 20:00:00,1.11465,1.1174,1.11454,1.11493,17752
2024-08-22 00:00:00,1.11494,1.11581,1.11453,1.11475,7225
2024-08-22 04:00:00,1.11476,1.11492,1.11404,1.11435,9443
2024-08-22 08:00:00,1.1143399999999999,1.11648,1.11272,1.11426,19641
2024-08-22 12:00:00,1.11425,1.11461,1.1125099999999999,1.11402,21309
2024-08-22 16:00:00,1.11403,1.11416,1.1098,1.11104,29544
2024-08-22 20:00:00,1.11105,1.11135,1.10986,1.11116,14081
2024-08-23 00:00:00,1.11078,1.11224,1.11072,1.11198,6954
2024-08-23 04:00:00,1.11197,1.11288,1.11182,1.11278,10601
2024-08-23 08:00:00,1.11277,1.1132,1.11124,1.11227,17222
2024-08-23 12:00:00,1.11228,1.11272,1.11108,1.11142,18070
2024-08-23 16:00:00,1.1114,1.11959,1.11056,1.1174,33745
2024-08-23 20:00:00,1.1173899999999999,1.12009,1.1173,1.11905,18505
2024-08-26 00:00:00,1.1186,1.1201699999999999,1.1186,1.11937,12167
2024-08-26 04:00:00,1.11937,1.12003,1.11816,1.11834,12342
2024-08-26 08:00:00,1.11835,1.11894,1.11758,1.11805,20060
2024-08-26 12:00:00,1.11804,1.11828,1.11584,1.11611,22931
2024-08-26 16:00:00,1.11612,1.1179000000000001,1.11499,1.11712,30392
2024-08-26 20:00:00,1.11713,1.11755,1.11586,1.11611,17830
2024-08-27 00:00:00,1.11601,1.1167,1.11557,1.11611,6722
2024-08-27 04:00:00,1.1161,1.11707,1.11597,1.11685,8115
2024-08-27 08:00:00,1.11684,1.11741,1.11613,1.1166800000000001,19107
2024-08-27 12:00:00,1.1166800000000001,1.11788,1.11504,1.11586,23500
2024-08-27 16:00:00,1.11585,1.11717,1.11525,1.11658,26863
2024-08-27 20:00:00,1.1166,1.11906,1.11645,1.11833,14353
2024-08-28 00:00:00,1.11811,1.1185100000000001,1.11745,1.11799,6501
2024-08-28 04:00:00,1.11798,1.11799,1.11582,1.11597,10332
2024-08-28 08:00:00,1.11596,1.11609,1.11352,1.11414,22369
2024-08-28 12:00:00,1.11413,1.11456,1.1105,1.11118,25208
2024-08-28 16:00:00,1.1112,1.11376,1.11102,1.11148,31342
2024-08-28 20:00:00,1.11148,1.11201,1.11052,1.11194,20086
2024-08-29 00:00:00,1.1118999999999999,1.11326,1.11169,1.11313,7030
2024-08-29 04:00:00,1.11314,1.11372,1.11273,1.11356,9099
2024-08-29 08:00:00,1.11355,1.11399,1.10718,1.10849,22695
2024-08-29 12:00:00,1.10848,1.11001,1.10726,1.10843,23741
2024-08-29 16:00:00,1.10844,1.10895,1.10555,1.10818,32506
2024-08-29 20:00:00,1.10819,1.10854,1.10747,1.10769,20928
2024-08-30 00:00:00,1.1077,1.10831,1.10734,1.10807,5312
2024-08-30 04:00:00,1.10806,1.10822,1.10698,1.10741,9332
2024-08-30 08:00:00,1.10741,1.1095,1.10735,1.10749,19355
2024-08-30 12:00:00,1.10749,1.10883,1.10576,1.10678,25145
2024-08-30 16:00:00,1.10679,1.108,1.10438,1.10496,34684
2024-08-30 20:00:00,1.10495,1.10567,1.10462,1.10467,21950
2024-09-02 00:00:00,1.10474,1.10558,1.10418,1.10535,6088
2024-09-02 04:00:00,1.10536,1.10557,1.10439,1.1048499999999999,10020
2024-09-02 08:00:00,1.10484,1.10775,1.10454,1.10674,18824
2024-09-02 12:00:00,1.10676,1.1072899999999999,1.10583,1.10681,20389
2024-09-02 16:00:00,1.10682,1.10719,1.106,1.10658,14139
2024-09-02 20:00:00,1.10659,1.1072899999999999,1.10659,1.10699,1446
2024-09-03 00:00:00,1.10658,1.1073,1.1059,1.10606,5660
2024-09-03 04:00:00,1.1060699999999999,1.10703,1.1054,1.10543,11525
2024-09-03 08:00:00,1.10542,1.10676,1.10481,1.10486,22540
2024-09-03 12:00:00,1.10487,1.10526,1.1033,1.10479,26881
2024-09-03 16:00:00,1.1048,1.10688,1.1036,1.10393,32752
2024-09-03 20:00:00,1.10394,1.10445,1.10264,1.10431,16766
2024-09-04 00:00:00,1.10427,1.10514,1.10375,1.10483,9545
2024-09-04 04:00:00,1.10482,1.10572,1.10476,1.1056300000000001,10527
2024-09-04 08:00:00,1.10564,1.10628,1.10468,1.10517,21567
2024-09-04 12:00:00,1.10519,1.10584,1.104,1.10527,20428
2024-09-04 16:00:00,1.10526,1.10951,1.10499,1.10846,29490
2024-09-04 20:00:00,1.10847,1.10863,1.10652,1.1082,15849
2024-09-05 00:00:00,1.10823,1.10866,1.10757,1.10792,7638
2024-09-05 04:00:00,1.10793,1.10855,1.10747,1.10769,9552
2024-09-05 08:00:00,1.10769,1.11002,1.10767,1.1099,20250
2024-09-05 12:00:00,1.10991,1.11196,1.10871,1.10923,23100
2024-09-05 16:00:00,1.10922,1.11083,1.10762,1.1101,31873
2024-09-05 20:00:00,1.11011,1.11134,1.10994,1.111,15454
2024-09-06 00:00:00,1.11098,1.11147,1.11038,1.11135,5943
2024-09-06 04:00:00,1.11134,1.11177,1.11092,1.11159,8498
2024-09-06 08:00:00,1.1116,1.1121,1.11109,1.11175,18191
2024-09-06 12:00:00,1.11173,1.11553,1.10786,1.11208,23528
2024-09-06 16:00:00,1.1120700000000001,1.1135,1.10655,1.10769,38629
2024-09-06 20:00:00,1.1077,1.10897,1.10696,1.10844,23081
2024-09-09 00:00:00,1.10788,1.10911,1.10788,1.10833,8666
2024-09-09 04:00:00,1.10833,1.10911,1.10746,1.10758,10030
2024-09-09 08:00:00,1.10757,1.1076,1.10455,1.10478,20861
2024-09-09 12:00:00,1.10477,1.10589,1.10357,1.10396,23377
2024-09-09 16:00:00,1.10397,1.10522,1.1034,1.10488,29761
2024-09-09 20:00:00,1.10489,1.10538,1.10336,1.1034,15467
2024-09-10 00:00:00,1.10341,1.10398,1.10282,1.10308,5745
2024-09-10 04:00:00,1.10309,1.10407,1.10306,1.10401,7170
2024-09-10 08:00:00,1.104,1.10498,1.10336,1.10379,18918
2024-09-10 12:00:00,1.10378,1.1044,1.10264,1.10299,20960
2024-09-10 16:00:00,1.10298,1.10349,1.1015,1.1026799999999999,31518
2024-09-10 20:00:00,1.10267,1.1028,1.10181,1.10193,14102
2024-09-11 00:00:00,1.10191,1.10239,1.10166,1.10201,6397
2024-09-11 04:00:00,1.10201,1.10471,1.10183,1.10467,15409
2024-09-11 08:00:00,1.10468,1.10519,1.10365,1.1044,22479
2024-09-11 12:00:00,1.10439,1.10549,1.10033,1.10164,25168
2024-09-11 16:00:00,1.10163,1.10262,1.10019,1.10159,37741
2024-09-11 20:00:00,1.1016,1.10265,1.10108,1.10117,19633
2024-09-12 00:00:00,1.10106,1.10151,1.10061,1.10068,5318
2024-09-12 04:00:00,1.10067,1.1017,1.10067,1.10164,8325
2024-09-12 08:00:00,1.10163,1.10238,1.10054,1.10154,20347
2024-09-12 12:00:00,1.10156,1.10322,1.10098,1.10251,25029
2024-09-12 16:00:00,1.10251,1.10481,1.10246,1.10461,33955
2024-09-12 20:00:00,1.10462,1.10751,1.1042399999999999,1.10741,25678
2024-09-13 00:00:00,1.1074,1.10874,1.107,1.10871,8219
2024-09-13 04:00:00,1.10872,1.1090200000000001,1.10794,1.10845,12486
2024-09-13 08:00:00,1.10844,1.10941,1.1073,1.10928,20277
2024-09-13 12:00:00,1.10929,1.11008,1.10793,1.10931,27562
2024-09-13 16:00:00,1.10929,1.11018,1.10769,1.1084,33552
2024-09-13 20:00:00,1.10839,1.10859,1.10725,1.10732,14043
2024-09-16 00:00:00,1.10771,1.10925,1.10743,1.10896,6776
2024-09-16 04:00:00,1.10895,1.1105,1.10868,1.10972,9995
2024-09-16 08:00:00,1.10972,1.11262,1.10958,1.11228,17978
2024-09-16 12:00:00,1.11229,1.11327,1.11159,1.11248,22946
2024-09-16 16:00:00,1.1125,1.11376,1.11165,1.1129,26286
2024-09-16 20:00:00,1.1129,1.11334,1.11161,1.11325,14626
2024-09-17 00:00:00,1.11318,1.11331,1.11219,1.11231,6322
2024-09-17 04:00:00,1.1123,1.11298,1.11219,1.11244,8549
2024-09-17 08:00:00,1.11244,1.11461,1.11157,1.11448,17595
2024-09-17 12:00:00,1.11446,1.11446,1.11176,1.11247,22406
2024-09-17 16:00:00,1.11247,1.11282,1.11116,1.11195,31495
2024-09-17 20:00:00,1.11194,1.11235,1.11107,1.11134,21632
2024-09-18 00:00:00,1.11123,1.11285,1.1111,1.11269,5930
2024-09-18 04:00:00,1.11269,1.11305,1.112,1.11202,7842
2024-09-18 08:00:00,1.11201,1.11334,1.11152,1.11297,19317
2024-09-18 12:00:00,1.11296,1.11399,1.1118,1.11224,19526
2024-09-18 16:00:00,1.11225,1.11398,1.11081,1.11244,27003
2024-09-18 20:00:00,1.11243,1.11891,1.10966,1.11185,30182
2024-09-19 00:00:00,1.11174,1.11241,1.10789,1.10815,11785
2024-09-19 04:00:00,1.10814,1.11214,1.10682,1.11203,20469
2024-09-19 08:00:00,1.11202,1.11692,1.11202,1.11626,26690
2024-09-19 12:00:00,1.11624,1.1179000000000001,1.11255,1.11259,27679
2024-09-19 16:00:00,1.11258,1.11583,1.11163,1.11555,34480
2024-09-19 20:00:00,1.11555,1.1168,1.11522,1.11614,19662
2024-09-20 00:00:00,1.11611,1.11627,1.11573,1.11604,6722
2024-09-20 04:00:00,1.11605,1.11694,1.11573,1.11651,14035
2024-09-20 08:00:00,1.1165,1.1182,1.11523,1.11643,26138
2024-09-20 12:00:00,1.11643,1.11769,1.1154,1.11744,22569
2024-09-20 16:00:00,1.11744,1.11762,1.11359,1.1173899999999999,35916
2024-09-20 20:00:00,1.11738,1.11742,1.1156,1.1161699999999999,23982
2024-09-23 00:00:00,1.11596,1.11656,1.11562,1.1159,6942
2024-09-23 04:00:00,1.11589,1.11651,1.11557,1.11637,8611
2024-09-23 08:00:00,1.11636,1.11673,1.1083,1.10925,23944
2024-09-23 12:00:00,1.10924,1.11258,1.10922,1.11224,24280
2024-09-23 16:00:00,1.11225,1.11433,1.11152,1.11253,34313
2024-09-23 20:00:00,1.11254,1.11286,1.11096,1.1111,19671
2024-09-24 00:00:00,1.11118,1.11149,1.11043,1.11058,6288
2024-09-24 04:00:00,1.11059,1.11178,1.1103399999999999,1.11169,12928
2024-09-24 08:00:00,1.1117,1.11448,1.11043,1.11403,26172
2024-09-24 12:00:00,1.11402,1.11478,1.1122,1.11409,23310
2024-09-24 16:00:00,1.11408,1.11636,1.11325,1.11586,30615
2024-09-24 20:00:00,1.11587,1.1181,1.11548,1.11793,14217
2024-09-25 00:00:00,1.11773,1.11939,1.11749,1.11932,8587
2024-09-25 04:00:00,1.11934,1.11988,1.11852,1.11958,12800
2024-09-25 08:00:00,1.11957,1.11965,1.11823,1.11848,20819
2024-09-25 12:00:00,1.1185,1.1207799999999999,1.11782,1.11976,23254
2024-09-25 16:00:00,1.11977,1.1213899999999999,1.11328,1.11346,30445
2024-09-25 20:00:00,1.11345,1.11389,1.11214,1.11324,18894
2024-09-26 00:00:00,1.11325,1.1137,1.11288,1.11367,5698
2024-09-26 04:00:00,1.11366,1.11454,1.11316,1.11417,10007
2024-09-26 08:00:00,1.11416,1.11581,1.11257,1.11414,23267
2024-09-26 12:00:00,1.11415,1.11654,1.11374,1.1151200000000001,26712
2024-09-26 16:00:00,1.1151200000000001,1.11892,1.11257,1.11693,32533
2024-09-26 20:00:00,1.11692,1.11842,1.11683,1.11767,19310
2024-09-27 00:00:00,1.1175,1.11779,1.11681,1.11694,7813
2024-09-27 04:00:00,1.11693,1.11733,1.11625,1.11647,13580
2024-09-27 08:00:00,1.11646,1.1176,1.11247,1.11446,29060
2024-09-27 12:00:00,1.11447,1.12015,1.11372,1.11996,25382
2024-09-27 16:00:00,1.11993,1.12028,1.11461,1.11518,33269
2024-09-27 20:00:00,1.11519,1.1168,1.11502,1.11618,19475
2024-09-30 00:00:00,1.11587,1.1173899999999999,1.11564,1.11709,8185
2024-09-30 04:00:00,1.11708,1.11726,1.11562,1.1161699999999999,12734
2024-09-30 08:00:00,1.11618,1.12088,1.1156,1.12054,22142
2024-09-30 12:00:00,1.12055,1.12057,1.11831,1.119,22037
2024-09-30 16:00:00,1.11901,1.11913,1.11349,1.11484,33206
2024-09-30 20:00:00,1.11484,1.11621,1.11135,1.11346,22286
2024-10-01 00:00:00,1.11281,1.11428,1.11272,1.11322,7920
2024-10-01 04:00:00,1.11324,1.11435,1.11314,1.11407,11112
2024-10-01 08:00:00,1.11406,1.11441,1.10979,1.11028,25686
2024-10-01 12:00:00,1.11027,1.11145,1.10701,1.10712,27636
2024-10-01 16:00:00,1.10713,1.10867,1.10481,1.10544,33735
2024-10-01 20:00:00,1.10543,1.10773,1.10457,1.10674,23196
2024-10-02 00:00:00,1.10667,1.10721,1.10629,1.10657,6329
2024-10-02 04:00:00,1.10658,1.1074,1.10603,1.10631,12047
2024-10-02 08:00:00,1.10632,1.10828,1.1054,1.10725,23889
2024-10-02 12:00:00,1.10724,1.10773,1.10511,1.10535,25122
2024-10-02 16:00:00,1.10536,1.10657,1.10327,1.10468,31175
2024-10-02 20:00:00,1.10469,1.10532,1.10367,1.10442,17685
2024-10-03 00:00:00,1.10436,1.10493,1.10372,1.10392,7225
2024-10-03 04:00:00,1.10391,1.10407,1.1031900000000001,1.1033,11008
2024-10-03 08:00:00,1.10331,1.10462,1.1025,1.10377,24554
2024-10-03 12:00:00,1.10376,1.10467,1.10281,1.10322,24113
2024-10-03 16:00:00,1.1032,1.10437,1.10082,1.10304,31563
2024-10-03 20:00:00,1.10305,1.10362,1.1025,1.10295,17792
2024-10-04 00:00:00,1.10293,1.10398,1.10287,1.10348,6512
2024-10-04 04:00:00,1.10347,1.10362,1.10252,1.10278,12625
2024-10-04 08:00:00,1.1028,1.10356,1.10211,1.10256,20498
2024-10-04 12:00:00,1.10255,1.10369,1.0959,1.0961,24118
2024-10-04 16:00:00,1.09606,1.09815,1.09512,1.0959699999999999,33030
2024-10-04 20:00:00,1.09598,1.0977999999999999,1.09577,1.09748,17343
2024-10-07 00:00:00,1.09669,1.09756,1.09631,1.09701,9870
2024-10-07 04:00:00,1.097,1.09777,1.09684,1.09686,12908
2024-10-07 08:00:00,1.09685,1.0979,1.09581,1.09701,21874
2024-10-07 12:00:00,1.09702,1.09836,1.09542,1.09771,25463
2024-10-07 16:00:00,1.09769,1.09848,1.09695,1.0984,29876
2024-10-07 20:00:00,1.09838,1.0987,1.09657,1.0973,19212
2024-10-08 00:00:00,1.09717,1.0984099999999999,1.097,1.09819,6686
2024-10-08 04:00:00,1.09817,1.09868,1.09726,1.09856,16319
2024-10-08 08:00:00,1.09855,1.09972,1.09785,1.09939,22379
2024-10-08 12:00:00,1.09939,1.09947,1.09715,1.09761,21631
2024-10-08 16:00:00,1.0976,1.09839,1.09608,1.09758,25853
2024-10-08 20:00:00,1.09756,1.09808,1.09657,1.098,15068
2024-10-09 00:00:00,1.09749,1.09811,1.09718,1.09756,5794
2024-10-09 04:00:00,1.09755,1.09774,1.09621,1.09634,13389
2024-10-09 08:00:00,1.09635,1.09761,1.0951,1.09577,23618
2024-10-09 12:00:00,1.09579,1.09707,1.09526,1.09568,19667
2024-10-09 16:00:00,1.09569,1.0959699999999999,1.09397,1.09414,24290
2024-10-09 20:00:00,1.09414,1.09426,1.09362,1.09375,14660
2024-10-10 00:00:00,1.09347,1.0943,1.0934,1.09405,6297
2024-10-10 04:00:00,1.09406,1.09462,1.09383,1.0941,12120
2024-10-10 08:00:00,1.09411,1.0943100000000001,1.09282,1.09331,18335
2024-10-10 12:00:00,1.09332,1.09547,1.09079,1.0944,21874
2024-10-10 16:00:00,1.0944099999999999,1.09497,1.09029,1.09059,31700
2024-10-10 20:00:00,1.09061,1.09379,1.09,1.09354,19620
2024-10-11 00:00:00,1.09312,1.09378,1.09281,1.09374,6141
2024-10-11 04:00:00,1.09375,1.09407,1.09296,1.09357,7995
2024-10-11 08:00:00,1.09356,1.09538,1.09322,1.09496,14471
2024-10-11 12:00:00,1.09495,1.09511,1.09259,1.0933,19973
2024-10-11 16:00:00,1.09329,1.09524,1.09281,1.09449,25500
2024-10-11 20:00:00,1.09451,1.09475,1.09324,1.09352,12414
2024-10-14 00:00:00,1.0930900000000001,1.09336,1.09152,1.09215,6475
2024-10-14 04:00:00,1.09214,1.09293,1.0918,1.09238,9145
2024-10-14 08:00:00,1.09237,1.09317,1.09225,1.0927,15605
2024-10-14 12:00:00,1.09269,1.09368,1.09072,1.09096,19063
2024-10-14 16:00:00,1.09095,1.09274,1.09008,1.09017,24065
2024-10-14 20:00:00,1.09016,1.09095,1.08881,1.09082,11583
2024-10-15 00:00:00,1.0907499999999999,1.09105,1.09037,1.0907499999999999,5415
2024-10-15 04:00:00,1.09074,1.0909,1.08915,1.0893,9733
2024-10-15 08:00:00,1.08929,1.09163,1.08849,1.09104,21192
2024-10-15 12:00:00,1.09105,1.09151,1.08972,1.09102,22165
2024-10-15 16:00:00,1.09103,1.09168,1.08893,1.08895,27768
2024-10-15 20:00:00,1.08894,1.08925,1.0882,1.0891,16659
2024-10-16 00:00:00,1.08911,1.08923,1.08821,1.08854,6760
2024-10-16 04:00:00,1.08855,1.08957,1.08844,1.08895,10388
2024-10-16 08:00:00,1.08897,1.08904,1.08752,1.08834,22078
2024-10-16 12:00:00,1.08833,1.0901399999999999,1.08824,1.08889,22199
2024-10-16 16:00:00,1.0889,1.08974,1.08659,1.08682,24884
2024-10-16 20:00:00,1.08684,1.08685,1.08533,1.08615,13323
2024-10-17 00:00:00,1.08585,1.08695,1.08563,1.08633,7704
2024-10-17 04:00:00,1.08631,1.08652,1.08512,1.08535,13958
2024-10-17 08:00:00,1.08534,1.08584,1.08488,1.08517,19207
2024-10-17 12:00:00,1.08518,1.0873599999999999,1.08332,1.08427,21565
2024-10-17 16:00:00,1.08428,1.08445,1.08109,1.0824799999999999,30488
2024-10-17 20:00:00,1.08249,1.0832,1.0821,1.0831,14327
2024-10-18 00:00:00,1.08277,1.08333,1.08251,1.0829,6595
2024-10-18 04:00:00,1.08289,1.08406,1.08274,1.08404,12638
2024-10-18 08:00:00,1.08407,1.08487,1.08346,1.08377,20211
2024-10-18 12:00:00,1.0838,1.08601,1.08341,1.08594,20301
2024-10-18 16:00:00,1.08595,1.08683,1.08512,1.08667,22733
2024-10-18 20:00:00,1.08667,1.08696,1.08591,1.08658,15924
2024-10-21 00:00:00,1.08605,1.08718,1.0860400000000001,1.08649,8884
2024-10-21 04:00:00,1.08651,1.08683,1.08584,1.08588,17133
2024-10-21 08:00:00,1.08587,1.08636,1.08461,1.08555,19426
2024-10-21 12:00:00,1.08554,1.08591,1.08447,1.08574,20408
2024-10-21 16:00:00,1.08573,1.0858,1.08171,1.08188,26991
2024-10-21 20:00:00,1.0818699999999999,1.08231,1.08111,1.08146,20374
2024-10-22 00:00:00,1.08139,1.08184,1.08118,1.08163,7438
2024-10-22 04:00:00,1.08162,1.08215,1.0815,1.08203,15253
2024-10-22 08:00:00,1.0820400000000001,1.08382,1.08181,1.08271,17803
2024-10-22 12:00:00,1.0827,1.08308,1.08109,1.08118,21384
2024-10-22 16:00:00,1.08119,1.08186,1.08007,1.08077,26566
2024-10-22 20:00:00,1.08078,1.08089,1.07926,1.0798,15177
2024-10-23 00:00:00,1.07966,1.08009,1.07923,1.0795,7634
2024-10-23 04:00:00,1.07953,1.08054,1.07936,1.08022,19190
2024-10-23 08:00:00,1.0802100000000001,1.08068,1.07793,1.07882,24029
2024-10-23 12:00:00,1.07882,1.07894,1.07611,1.07743,23908
2024-10-23 16:00:00,1.07745,1.07862,1.07695,1.07733,30599
2024-10-23 20:00:00,1.07732,1.07866,1.07672,1.0781,26413
2024-10-24 00:00:00,1.07813,1.0789900000000001,1.07794,1.07889,10433
2024-10-24 04:00:00,1.0789,1.07937,1.07812,1.07931,19620
2024-10-24 08:00:00,1.07932,1.0808,1.07705,1.08031,27053
2024-10-24 12:00:00,1.0803,1.08053,1.07881,1.07966,25254
2024-10-24 16:00:00,1.07968,1.08113,1.07949,1.08109,33054
2024-10-24 20:00:00,1.08108,1.08299,1.08108,1.08271,21637
2024-10-25 00:00:00,1.08272,1.08288,1.08201,1.08219,8062
2024-10-25 04:00:00,1.0822,1.08277,1.082,1.08219,15723
2024-10-25 08:00:00,1.08217,1.08371,1.08136,1.08238,22618
2024-10-25 12:00:00,1.0824,1.08394,1.0821,1.08385,19862
2024-10-25 16:00:00,1.08386,1.0838700000000001,1.08024,1.08051,28348
2024-10-25 20:00:00,1.08051,1.08066,1.07931,1.07944,25760
2024-10-28 00:00:00,1.07933,1.08017,1.07864,1.07942,10860
2024-10-28 04:00:00,1.07943,1.0796000000000001,1.07821,1.07879,17028
2024-10-28 08:00:00,1.07877,1.08214,1.07821,1.08192,19269
2024-10-28 12:00:00,1.08191,1.08263,1.08086,1.08156,20739
2024-10-28 16:00:00,1.08157,1.08275,1.08136,1.08157,25214
2024-10-28 20:00:00,1.08156,1.08191,1.08099,1.08118,17838
2024-10-29 00:00:00,1.08117,1.08194,1.08094,1.08158,6391
2024-10-29 04:00:00,1.08156,1.08181,1.08061,1.08088,19413
2024-10-29 08:00:00,1.08089,1.08203,1.08055,1.08186,21252
2024-10-29 12:00:00,1.08185,1.08264,1.07719,1.07775,24538
2024-10-29 16:00:00,1.07774,1.0812,1.07688,1.0799,35032
2024-10-29 20:00:00,1.07991,1.08186,1.0798,1.08181,22419
2024-10-30 00:00:00,1.08181,1.0826,1.081,1.08218,7048
2024-10-30 04:00:00,1.08218,1.08259,1.08132,1.08167,16159
2024-10-30 08:00:00,1.08168,1.08446,1.0814,1.08343,20125
2024-10-30 12:00:00,1.08347,1.08593,1.0808,1.08139,27187
2024-10-30 16:00:00,1.0814,1.08669,1.08112,1.08613,35459
2024-10-30 20:00:00,1.08612,1.08714,1.08536,1.0855,19927
2024-10-31 00:00:00,1.08552,1.08602,1.08529,1.08535,7675
2024-10-31 04:00:00,1.08534,1.08583,1.08441,1.08479,18204
2024-10-31 08:00:00,1.08479,1.08635,1.08465,1.08563,24233
2024-10-31 12:00:00,1.08565,1.08868,1.08542,1.08798,27514
2024-10-31 16:00:00,1.08798,1.08882,1.08463,1.08581,38490
2024-10-31 20:00:00,1.08581,1.08852,1.0855299999999999,1.08832,24529
2024-11-01 00:00:00,1.08822,1.08875,1.08805,1.08867,6953
2024-11-01 04:00:00,1.08868,1.08887,1.08752,1.08773,20561
2024-11-01 08:00:00,1.08775,1.08782,1.08573,1.08624,20775
2024-11-01 12:00:00,1.08626,1.09057,1.08522,1.08862,23199
2024-11-01 16:00:00,1.08862,1.08897,1.08462,1.08525,35092
2024-11-01 20:00:00,1.08525,1.08529,1.08318,1.08331,22483
2024-11-04 00:00:00,1.08788,1.08913,1.087,1.08884,15186
2024-11-04 04:00:00,1.08883,1.0905,1.08847,1.0899,22612
2024-11-04 08:00:00,1.08988,1.09023,1.08871,1.08963,25897
2024-11-04 12:00:00,1.08964,1.09146,1.08933,1.09052,22283
2024-11-04 16:00:00,1.09051,1.09098,1.08798,1.08889,30215
2024-11-04 20:00:00,1.08888,1.0889199999999999,1.08741,1.08767,17841
2024-11-05 00:00:00,1.08753,1.0879,1.08723,1.08776,7111
2024-11-05 04:00:00,1.08777,1.08801,1.08744,1.0878700000000001,13959
2024-11-05 08:00:00,1.08786,1.08976,1.0877,1.0892,18025
2024-11-05 12:00:00,1.08921,1.09019,1.08895,1.08929,17452
2024-11-05 16:00:00,1.08928,1.09305,1.08893,1.09303,27068
2024-11-05 20:00:00,1.09304,1.09365,1.09242,1.09288,16746
2024-11-06 00:00:00,1.09257,1.09367,1.08214,1.08363,19238
2024-11-06 04:00:00,1.08363,1.0839,1.07187,1.07598,30163
2024-11-06 08:00:00,1.07601,1.07811,1.07027,1.07552,29935
2024-11-06 12:00:00,1.07553,1.07617,1.06824,1.07095,30794
2024-11-06 16:00:00,1.07096,1.07451,1.06983,1.07274,34401
2024-11-06 20:00:00,1.07275,1.07581,1.07259,1.0728,25350
2024-11-07 00:00:00,1.07267,1.07374,1.07127,1.07177,12528
2024-11-07 04:00:00,1.07178,1.0748,1.07174,1.07462,16837
2024-11-07 08:00:00,1.07463,1.0771600000000001,1.07411,1.07465,28518
2024-11-07 12:00:00,1.07465,1.07946,1.07464,1.07923,28732
2024-11-07 16:00:00,1.07923,1.08247,1.0781,1.08048,31922
2024-11-07 20:00:00,1.0805,1.08094,1.07668,1.08044,25655
2024-11-08 00:00:00,1.08045,1.08049,1.0779,1.0787,12426
2024-11-08 04:00:00,1.07871,1.0789900000000001,1.07766,1.07818,16787
2024-11-08 08:00:00,1.07819,1.07893,1.0761,1.07792,28055
2024-11-08 12:00:00,1.07793,1.07973,1.07444,1.07527,30110
2024-11-08 16:00:00,1.07528,1.07657,1.06868,1.07091,34080
2024-11-08 20:00:00,1.07092,1.07217,1.06998,1.07179,18289
2024-11-11 00:00:00,1.07071,1.0728,1.07059,1.07203,13950
2024-11-11 04:00:00,1.07203,1.07272,1.07078,1.07176,12888
2024-11-11 08:00:00,1.07177,1.07221,1.06679,1.06815,25670
2024-11-11 12:00:00,1.06811,1.06886,1.06366,1.06479,24799
2024-11-11 16:00:00,1.06481,1.06577,1.06285,1.06492,24581
2024-11-11 20:00:00,1.0649,1.0658,1.06458,1.06543,15721
2024-11-12 00:00:00,1.06512,1.06633,1.06478,1.06484,11405
2024-11-12 04:00:00,1.06483,1.06521,1.06378,1.064,17281
2024-11-12 08:00:00,1.064,1.064,1.06164,1.06258,26383
2024-11-12 12:00:00,1.0626,1.06298,1.06064,1.06229,27923
2024-11-12 16:00:00,1.06231,1.06261,1.0594999999999999,1.06068,32924
2024-11-12 20:00:00,1.0607,1.06267,1.06064,1.06216,19274
2024-11-13 00:00:00,1.06204,1.06292,1.0611,1.06279,12574
2024-11-13 04:00:00,1.06281,1.06295,1.06095,1.06131,14382
2024-11-13 08:00:00,1.06132,1.06298,1.05932,1.06268,22546
2024-11-13 12:00:00,1.06268,1.06537,1.061,1.06366,27091
2024-11-13 16:00:00,1.06366,1.06379,1.05556,1.0569,35913
2024-11-13 20:00:00,1.05692,1.0576,1.05563,1.05608,20499
2024-11-14 00:00:00,1.05635,1.05686,1.05512,1.05561,12454
2024-11-14 04:00:00,1.05561,1.05576,1.0534,1.05472,17356
2024-11-14 08:00:00,1.05472,1.05581,1.05177,1.05202,24636
2024-11-14 12:00:00,1.0520100000000001,1.0545,1.0496,1.05304,29982
2024-11-14 16:00:00,1.053,1.05824,1.05295,1.05593,33399
2024-11-14 20:00:00,1.05595,1.05605,1.05119,1.05285,23805
2024-11-15 00:00:00,1.05276,1.05417,1.05235,1.05321,12300
2024-11-15 04:00:00,1.0532,1.05461,1.05319,1.05402,18811
2024-11-15 08:00:00,1.05401,1.058,1.05336,1.05622,24196
2024-11-15 12:00:00,1.05622,1.05927,1.05539,1.05585,26498
2024-11-15 16:00:00,1.05584,1.05631,1.05231,1.05489,35564
2024-11-15 20:00:00,1.0549,1.05548,1.05163,1.05396,22737
2024-11-18 00:00:00,1.05304,1.05504,1.05295,1.05421,15659
2024-11-18 04:00:00,1.0542,1.05465,1.05303,1.05381,19760
2024-11-18 08:00:00,1.0538,1.05711,1.05362,1.05662,25058
2024-11-18 12:00:00,1.0566,1.05687,1.05323,1.05677,26145
2024-11-18 16:00:00,1.05678,1.05926,1.05605,1.05911,29051
2024-11-18 20:00:00,1.05912,1.06073,1.05873,1.05979,18863
2024-11-19 00:00:00,1.05978,1.05995,1.05872,1.05932,11458
2024-11-19 04:00:00,1.05933,1.06009,1.05827,1.05835,17901
2024-11-19 08:00:00,1.05838,1.05964,1.05235,1.05494,28607
2024-11-19 12:00:00,1.05496,1.05971,1.05434,1.05768,28801
2024-11-19 16:00:00,1.05769,1.0601,1.05654,1.05803,32591
2024-11-19 20:00:00,1.05802,1.0598,1.05709,1.0594999999999999,20954
2024-11-20 00:00:00,1.05904,1.06099,1.05898,1.06001,10584
2024-11-20 04:00:00,1.06003,1.06034,1.05867,1.05872,12134
2024-11-20 08:00:00,1.05871,1.05957,1.0553,1.05555,24725
2024-11-20 12:00:00,1.05554,1.05679,1.05421,1.05566,26483
2024-11-20 16:00:00,1.05567,1.0557,1.05067,1.05322,30984
2024-11-20 20:00:00,1.0532,1.05445,1.05256,1.05433,19271
2024-11-21 00:00:00,1.05431,1.05498,1.0539,1.05457,8699
2024-11-21 04:00:00,1.05458,1.0555,1.05458,1.05468,12974
2024-11-21 08:00:00,1.05469,1.05546,1.05139,1.05168,27901
2024-11-21 12:00:00,1.0517,1.05392,1.05137,1.05329,25495
2024-11-21 16:00:00,1.0533,1.05445,1.04621,1.04875,35534
2024-11-21 20:00:00,1.04874,1.04893,1.04716,1.04738,16970
2024-11-22 00:00:00,1.04734,1.04778,1.04662,1.04717,11104
2024-11-22 04:00:00,1.04716,1.04783,1.04615,1.04645,14807
2024-11-22 08:00:00,1.04645,1.0498,1.03327,1.04019,30323
2024-11-22 12:00:00,1.0402,1.04375,1.03848,1.04295,29436
2024-11-22 16:00:00,1.0429599999999999,1.04349,1.03919,1.0419100000000001,31782
2024-11-22 20:00:00,1.0419,1.04255,1.04079,1.04177,20252
2024-11-25 00:00:00,1.048,1.05016,1.04622,1.04778,17701
2024-11-25 04:00:00,1.04775,1.04894,1.04744,1.04792,16376
2024-11-25 08:00:00,1.04791,1.0497,1.04489,1.04896,29933
2024-11-25 12:00:00,1.04895,1.05301,1.04741,1.05285,29008
2024-11-25 16:00:00,1.05286,1.05302,1.04666,1.04862,31438
2024-11-25 20:00:00,1.04861,1.05108,1.04857,1.04932,20064
2024-11-26 00:00:00,1.04916,1.05008,1.04249,1.0454,19536
2024-11-26 04:00:00,1.04542,1.04907,1.04512,1.04753,17307
2024-11-26 08:00:00,1.04754,1.05189,1.04697,1.05073,28592
2024-11-26 12:00:00,1.05073,1.05446,1.0500099999999999,1.05035,30168
2024-11-26 16:00:00,1.05034,1.05101,1.04636,1.04705,33363
2024-11-26 20:00:00,1.04706,1.04903,1.04571,1.04876,21307
2024-11-27 00:00:00,1.04874,1.04966,1.04842,1.0487,13829
2024-11-27 04:00:00,1.04868,1.04883,1.04743,1.0477,13603
2024-11-27 08:00:00,1.04769,1.054,1.04753,1.05165,28216
2024-11-27 12:00:00,1.05166,1.05737,1.05103,1.05727,27783
2024-11-27 16:00:00,1.0573,1.05875,1.0533,1.05766,35026
2024-11-27 20:00:00,1.05765,1.05785,1.05594,1.05657,18933
2024-11-28 00:00:00,1.05652,1.05693,1.05474,1.05572,11186
2024-11-28 04:00:00,1.05572,1.05612,1.05488,1.05499,12699
2024-11-28 08:00:00,1.055,1.05563,1.05274,1.0532,26349
2024-11-28 12:00:00,1.05321,1.05563,1.053,1.0534,23250
2024-11-28 16:00:00,1.05341,1.05571,1.05315,1.05529,18425
2024-11-28 20:00:00,1.0553,1.05572,1.05521,1.0553,2688
2024-11-29 00:00:00,1.05507,1.05749,1.0548,1.05598,13669
2024-11-29 04:00:00,1.05599,1.05769,1.0559,1.05681,16660
2024-11-29 08:00:00,1.05681,1.05971,1.05518,1.05574,27985
2024-11-29 12:00:00,1.05573,1.05732,1.05481,1.05629,29350
2024-11-29 16:00:00,1.0563,1.05679,1.05414,1.05673,30702
2024-11-29 20:00:00,1.05675,1.05846,1.05675,1.05756,25328
2024-12-02 00:00:00,1.0572,1.0576,1.05279,1.05306,15938
2024-12-02 04:00:00,1.05307,1.05321,1.05151,1.05221,17812
2024-12-02 08:00:00,1.05218,1.05371,1.04958,1.05137,30759
2024-12-02 12:00:00,1.05136,1.05381,1.0495,1.05055,28349
2024-12-02 16:00:00,1.0506199999999999,1.05147,1.04604,1.04875,35540
2024-12-02 20:00:00,1.04876,1.05159,1.04847,1.04967,20273
2024-12-03 00:00:00,1.04977,1.0501800000000001,1.04842,1.04879,13344
2024-12-03 04:00:00,1.04881,1.04945,1.04804,1.04915,16144
2024-12-03 08:00:00,1.04917,1.05308,1.04834,1.05205,27689
2024-12-03 12:00:00,1.05204,1.05297,1.0506199999999999,1.05239,27414
2024-12-03 16:00:00,1.05241,1.05303,1.0492,1.05283,35379
2024-12-03 20:00:00,1.0528,1.0535,1.05028,1.05072,21839
2024-12-04 00:00:00,1.05041,1.05126,1.04971,1.05061,10657
2024-12-04 04:00:00,1.0506199999999999,1.05202,1.04878,1.05151,18614
2024-12-04 08:00:00,1.05152,1.0529,1.04824,1.05029,27081
2024-12-04 12:00:00,1.05031,1.0512299999999999,1.04791,1.04835,27339
2024-12-04 16:00:00,1.04835,1.05439,1.04722,1.05374,32140
2024-12-04 20:00:00,1.05373,1.05388,1.05048,1.05106,22108
2024-12-05 00:00:00,1.05094,1.05159,1.05078,1.05124,9934
2024-12-05 04:00:00,1.05122,1.05289,1.05106,1.05267,12538
2024-12-05 08:00:00,1.05266,1.05465,1.05213,1.05286,22625
2024-12-05 12:00:00,1.05282,1.05682,1.05232,1.0567,26042
2024-12-05 16:00:00,1.05672,1.05895,1.05509,1.05676,30971
2024-12-05 20:00:00,1.05676,1.05888,1.0557,1.0585,17161
2024-12-06 00:00:00,1.05818,1.05888,1.0566,1.05686,9355
2024-12-06 04:00:00,1.05686,1.05804,1.05683,1.0572300000000001,14719
2024-12-06 08:00:00,1.0572300000000001,1.05939,1.05673,1.05773,21944
2024-12-06 12:00:00,1.05774,1.06295,1.05715,1.06042,25298
2024-12-06 16:00:00,1.06044,1.06072,1.05441,1.05512,32453
2024-12-06 20:00:00,1.05512,1.05694,1.05422,1.05669,16965
2024-12-09 00:00:00,1.05563,1.05695,1.05511,1.0552,10210
2024-12-09 04:00:00,1.05521,1.05565,1.0532,1.05371,14822
2024-12-09 08:00:00,1.05371,1.0575,1.05366,1.05662,26803
2024-12-09 12:00:00,1.05663,1.05855,1.05577,1.05761,25530
2024-12-09 16:00:00,1.05763,1.05943,1.05666,1.05669,28037
2024-12-09 20:00:00,1.05668,1.05676,1.05472,1.05528,17452
2024-12-10 00:00:00,1.05516,1.0557,1.05452,1.0553,10002
2024-12-10 04:00:00,1.05532,1.05628,1.05489,1.0562,16282
2024-12-10 08:00:00,1.05621,1.05681,1.05231,1.05313,23552
2024-12-10 12:00:00,1.05312,1.05379,1.05156,1.05229,26892
2024-12-10 16:00:00,1.05233,1.0531,1.04983,1.05096,30591
2024-12-10 20:00:00,1.05097,1.05313,1.05085,1.05263,17716
2024-12-11 00:00:00,1.0526,1.05357,1.05228,1.05347,8399
2024-12-11 04:00:00,1.05347,1.05395,1.05204,1.05242,12110
2024-12-11 08:00:00,1.05241,1.05285,1.04879,1.05004,26055
2024-12-11 12:00:00,1.05006,1.05373,1.04871,1.05242,28364
2024-12-11 16:00:00,1.0524,1.05292,1.04801,1.04878,33763
2024-12-11 20:00:00,1.04877,1.0500099999999999,1.04814,1.04944,19588
2024-12-12 00:00:00,1.04929,1.05089,1.04892,1.05063,9736
2024-12-12 04:00:00,1.0506199999999999,1.05096,1.05008,1.05064,10435
2024-12-12 08:00:00,1.05065,1.05308,1.05043,1.051,24240
2024-12-12 12:00:00,1.05099,1.05141,1.04693,1.04848,28269
2024-12-12 16:00:00,1.04849,1.0521,1.04635,1.05006,34504
2024-12-12 20:00:00,1.05007,1.05024,1.04641,1.04671,19312
2024-12-13 00:00:00,1.04675,1.04805,1.04632,1.04653,10698
2024-12-13 04:00:00,1.04652,1.04669,1.04563,1.04653,14084
2024-12-13 08:00:00,1.04654,1.04939,1.04532,1.04869,24919
2024-12-13 12:00:00,1.04875,1.05242,1.04834,1.05102,28862
2024-12-13 16:00:00,1.05102,1.05104,1.04821,1.04964,30404
2024-12-13 20:00:00,1.04966,1.05045,1.04891,1.05021,16815
2024-12-16 00:00:00,1.04862,1.05212,1.04835,1.05191,11118
2024-12-16 04:00:00,1.0519,1.0523,1.05097,1.05198,12316
2024-12-16 08:00:00,1.05197,1.05246,1.0500099999999999,1.05052,23455
2024-12-16 12:00:00,1.05053,1.05082,1.04833,1.05074,23799
2024-12-16 16:00:00,1.05075,1.05205,1.04746,1.05111,31402
2024-12-16 20:00:00,1.05114,1.05224,1.05058,1.05102,16599
2024-12-17 00:00:00,1.05096,1.05343,1.05073,1.05215,10094
2024-12-17 04:00:00,1.05213,1.0527,1.05026,1.05047,12210
2024-12-17 08:00:00,1.05048,1.05092,1.04804,1.04853,24687
2024-12-17 12:00:00,1.04866,1.05066,1.04791,1.05048,27077
2024-12-17 16:00:00,1.05046,1.05158,1.04944,1.04997,32026
2024-12-17 20:00:00,1.04995,1.05043,1.04852,1.04905,17818
2024-12-18 00:00:00,1.04903,1.05029,1.04899,1.05022,8310
2024-12-18 04:00:00,1.05024,1.05059,1.0496,1.05024,12066
2024-12-18 08:00:00,1.05023,1.05127,1.04874,1.04943,22616
2024-12-18 12:00:00,1.04944,1.05036,1.04825,1.0492,25828
2024-12-18 16:00:00,1.04919,1.05031,1.04671,1.04754,28128
2024-12-18 20:00:00,1.04756,1.04926,1.03441,1.03516,32133
2024-12-19 00:00:00,1.03513,1.03801,1.03472,1.03781,15980
2024-12-19 04:00:00,1.03782,1.03908,1.03723,1.03821,17366
2024-12-19 08:00:00,1.0382,1.04224,1.03773,1.04126,32649
2024-12-19 12:00:00,1.04125,1.04158,1.03858,1.03989,32525
2024-12-19 16:00:00,1.03988,1.04071,1.03546,1.03614,37794
2024-12-19 20:00:00,1.03615,1.03773,1.03553,1.03613,23673
2024-12-20 00:00:00,1.03614,1.03692,1.03587,1.03635,11631
2024-12-20 04:00:00,1.03634,1.03666,1.03566,1.03663,14814
2024-12-20 08:00:00,1.03662,1.03984,1.03429,1.03829,29199
2024-12-20 12:00:00,1.03828,1.0419,1.03795,1.04075,27370
2024-12-20 16:00:00,1.04073,1.0445,1.0386,1.04285,38494
2024-12-20 20:00:00,1.04286,1.04476,1.04218,1.04264,21801
2024-12-23 00:00:00,1.04275,1.04453,1.04268,1.04359,9911
2024-12-23 04:00:00,1.0436,1.04454,1.04359,1.04404,10593
2024-12-23 08:00:00,1.04402,1.04423,1.04072,1.04079,20016
2024-12-23 12:00:00,1.0408,1.04096,1.03855,1.03994,23158
2024-12-23 16:00:00,1.03997,1.04179,1.03841,1.03975,27708
2024-12-23 20:00:00,1.03976,1.04143,1.03975,1.04038,15397
2024-12-24 00:00:00,1.04042,1.04083,1.03981,1.04028,5989
2024-12-24 04:00:00,1.04029,1.04088,1.03886,1.0397,10038
2024-12-24 08:00:00,1.03969,1.04055,1.03901,1.0392,14382
2024-12-24 12:00:00,1.03921,1.04037,1.03889,1.04026,16317
2024-12-24 16:00:00,1.04025,1.041,1.03835,1.03884,19852
2024-12-24 20:00:00,1.03884,1.04025,1.03868,1.03992,4720
2024-12-26 00:00:00,1.04061,1.04061,1.03929,1.03972,8197
2024-12-26 04:00:00,1.03973,1.04043,1.03966,1.03978,11366
2024-12-26 08:00:00,1.03977,1.04005,1.03902,1.03992,13626
2024-12-26 12:00:00,1.03992,1.04058,1.03926,1.04027,13129
2024-12-26 16:00:00,1.04028,1.04229,1.03951,1.04117,20553
2024-12-26 20:00:00,1.04117,1.04301,1.04117,1.042,22939
2024-12-27 00:00:00,1.04167,1.04244,1.0412,1.04131,8660
2024-12-27 04:00:00,1.04131,1.04141,1.04067,1.04093,12542
2024-12-27 08:00:00,1.04094,1.04258,1.04049,1.04167,15440
2024-12-27 12:00:00,1.04169,1.04442,1.04116,1.04385,16747
2024-12-27 16:00:00,1.04384,1.04398,1.04143,1.04212,27734
2024-12-27 20:00:00,1.04214,1.04306,1.04208,1.04233,17525
2024-12-30 00:00:00,1.04257,1.0434,1.04239,1.04254,7554
2024-12-30 04:00:00,1.04255,1.04276,1.04209,1.0425200000000001,8015
2024-12-30 08:00:00,1.0425200000000001,1.04395,1.04093,1.0434,19709
2024-12-30 12:00:00,1.0434,1.04584,1.03849,1.03878,23561
2024-12-30 16:00:00,1.03879,1.04088,1.03716,1.03943,28854
2024-12-30 20:00:00,1.03944,1.04071,1.03937,1.04064,18411
2024-12-31 00:00:00,1.04062,1.04133,1.0397,1.04122,8083
2024-12-31 04:00:00,1.04121,1.0415,1.04025,1.04039,8723
2024-12-31 08:00:00,1.0404,1.04245,1.03996,1.04186,19246
2024-12-31 12:00:00,1.04185,1.04199,1.03834,1.0393,21620
2024-12-31 16:00:00,1.03932,1.03943,1.03439,1.03489,33009
2024-12-31 20:00:00,1.03484,1.03648,1.03455,1.03527,17786
2025-01-02 00:00:00,1.03522,1.0360800000000001,1.03442,1.0358,11669
2025-01-02 04:00:00,1.03579,1.03757,1.03578,1.0364,9451
2025-01-02 08:00:00,1.03639,1.03724,1.03462,1.03518,22827
2025-01-02 12:00:00,1.03517,1.03571,1.03113,1.03134,29637
2025-01-02 16:00:00,1.03136,1.03238,1.02238,1.02648,35608
2025-01-02 20:00:00,1.0265,1.02683,1.0248,1.02638,15945
2025-01-03 00:00:00,1.02608,1.02735,1.02579,1.02676,7282
2025-01-03 04:00:00,1.02675,1.02747,1.02647,1.02719,8730
2025-01-03 08:00:00,1.0272,1.03001,1.02687,1.0290300000000001,22598
2025-01-03 12:00:00,1.02904,1.03029,1.02791,1.02933,22438
2025-01-03 16:00:00,1.02932,1.03058,1.02729,1.0298,29404
2025-01-03 20:00:00,1.02981,1.031,1.02924,1.0308,13871
2025-01-06 00:00:00,1.03028,1.03136,1.02939,1.03123,10217
2025-01-06 04:00:00,1.03125,1.03183,1.03085,1.03088,10246
2025-01-06 08:00:00,1.0309,1.03688,1.03078,1.03556,23013
2025-01-06 12:00:00,1.03557,1.04364,1.03285,1.04167,33152
2025-01-06 16:00:00,1.04168,1.04236,1.0352,1.03873,33621
2025-01-06 20:00:00,1.03873,1.03922,1.0377,1.03897,17824
2025-01-07 00:00:00,1.03896,1.03909,1.03761,1.03812,9706
2025-01-07 04:00:00,1.03813,1.04032,1.03801,1.03968,10742
2025-01-07 08:00:00,1.03969,1.04343,1.03963,1.04275,25303
2025-01-07 12:00:00,1.04273,1.04343,1.03865,1.03964,27143
2025-01-07 16:00:00,1.03964,1.03975,1.03539,1.03668,33586
2025-01-07 20:00:00,1.03666,1.03695,1.03394,1.03397,18187
2025-01-08 00:00:00,1.03386,1.03531,1.03386,1.0352999999999999,9465
2025-01-08 04:00:00,1.03531,1.0356,1.03463,1.03549,8671
2025-01-08 08:00:00,1.03549,1.03575,1.03153,1.03196,24581
2025-01-08 12:00:00,1.03195,1.03214,1.0273,1.03031,33838
2025-01-08 16:00:00,1.03035,1.03146,1.0289,1.03054,33868
2025-01-08 20:00:00,1.03055,1.03243,1.03053,1.03177,18993
2025-01-09 00:00:00,1.0313,1.0319,1.03048,1.03144,8339
2025-01-09 04:00:00,1.03145,1.03216,1.03054,1.03068,10493
2025-01-09 08:00:00,1.03069,1.03174,1.02835,1.03058,28889
2025-01-09 12:00:00,1.03059,1.03188,1.02961,1.03079,26792
2025-01-09 16:00:00,1.0308,1.03147,1.02909,1.02975,22730
2025-01-09 20:00:00,1.02973,1.03037,1.02939,1.02992,8886
2025-01-10 00:00:00,1.02977,1.03045,1.02923,1.03019,9526
2025-01-10 04:00:00,1.03018,1.03038,1.02848,1.02859,8979
2025-01-10 08:00:00,1.0286,1.0312,1.02811,1.03,22359
2025-01-10 12:00:00,1.03001,1.03117,1.0213,1.02564,25030
2025-01-10 16:00:00,1.02561,1.02784,1.02275,1.02446,39362
2025-01-10 20:00:00,1.02445,1.0249,1.02348,1.02429,20281
2025-01-13 00:00:00,1.02371,1.025,1.02364,1.02419,10671
2025-01-13 04:00:00,1.02418,1.02452,1.0207600000000001,1.02196,15457
2025-01-13 08:00:00,1.02195,1.02312,1.01772,1.01932,30760
2025-01-13 12:00:00,1.01933,1.02208,1.01859,1.02085,32648
2025-01-13 16:00:00,1.02084,1.02194,1.01916,1.0218,34611
2025-01-13 20:00:00,1.02181,1.02468,1.0207,1.02438,17135
2025-01-14 00:00:00,1.02425,1.02774,1.0237,1.02492,15876
2025-01-14 04:00:00,1.0249,1.02551,1.02384,1.02447,12398
2025-01-14 08:00:00,1.02448,1.02747,1.02448,1.02595,28376
2025-01-14 12:00:00,1.02594,1.0273,1.02394,1.0253,27512
2025-01-14 16:00:00,1.0253,1.03043,1.02435,1.02882,35108
2025-01-14 20:00:00,1.02881,1.03086,1.02866,1.03076,14615
2025-01-15 00:00:00,1.03022,1.03082,1.0298,1.03002,9902
2025-01-15 04:00:00,1.03001,1.03051,1.02926,1.02934,10759
2025-01-15 08:00:00,1.02933,1.03171,1.02865,1.03097,25022
2025-01-15 12:00:00,1.03098,1.03543,1.02933,1.03441,26305
2025-01-15 16:00:00,1.03449,1.03456,1.02587,1.02855,35106
2025-01-15 20:00:00,1.02857,1.0299,1.02844,1.02865,16003
2025-01-16 00:00:00,1.02874,1.03,1.02816,1.02893,12122
2025-01-16 04:00:00,1.02895,1.02938,1.02809,1.02825,12151
2025-01-16 08:00:00,1.02826,1.03014,1.02815,1.02862,23973
2025-01-16 12:00:00,1.02861,1.02962,1.02605,1.02814,26495
2025-01-16 16:00:00,1.02814,1.03151,1.02679,1.02965,34138
2025-01-16 20:00:00,1.02964,1.03078,1.02934,1.03011,14824
2025-01-17 00:00:00,1.02993,1.03096,1.0296,1.0305,8935
2025-01-17 04:00:00,1.03052,1.03094,1.02875,1.02934,9869
2025-01-17 08:00:00,1.02933,1.03041,1.02776,1.02965,21951
2025-01-17 12:00:00,1.02965,1.031,1.02855,1.0290300000000001,25863
2025-01-17 16:00:00,1.0290300000000001,1.03304,1.02651,1.02809,33047
2025-01-17 20:00:00,1.02808,1.0292,1.02685,1.02687,16121
2025-01-20 00:00:00,1.02803,1.02927,1.02662,1.02907,10892
2025-01-20 04:00:00,1.02906,1.03072,1.0287,1.03025,12431
2025-01-20 08:00:00,1.03027,1.03187,1.02994,1.03063,23764
2025-01-20 12:00:00,1.03063,1.04,1.03063,1.0398,25071
2025-01-20 16:00:00,1.0398,1.04299,1.03533,1.03853,28645
2025-01-20 20:00:00,1.03855,1.04341,1.03832,1.04157,11166
2025-01-21 00:00:00,1.0414,1.04345,1.03526,1.037,20956
2025-01-21 04:00:00,1.037,1.04007,1.0369,1.03788,15696
2025-01-21 08:00:00,1.0379,1.03861,1.03418,1.03534,24332
2025-01-21 12:00:00,1.03532,1.03778,1.03428,1.03778,28043
2025-01-21 16:00:00,1.03777,1.04299,1.03727,1.04213,33562
2025-01-21 20:00:00,1.04214,1.04354,1.04158,1.04254,15503
2025-01-22 00:00:00,1.04251,1.04333,1.03922,1.04098,15472
2025-01-22 04:00:00,1.04097,1.04215,1.04061,1.04158,12830
2025-01-22 08:00:00,1.04157,1.04473,1.03999,1.04465,28168
2025-01-22 12:00:00,1.04466,1.04573,1.04221,1.04316,26697
2025-01-22 16:00:00,1.0431300000000001,1.0432,1.04119,1.04171,31139
2025-01-22 20:00:00,1.04172,1.04231,1.04079,1.04082,14734
2025-01-23 00:00:00,1.04079,1.0416,1.04019,1.04036,12353
2025-01-23 04:00:00,1.04035,1.04128,1.03969,1.04054,14906
2025-01-23 08:00:00,1.04055,1.04147,1.03899,1.04116,24995
2025-01-23 12:00:00,1.04116,1.04202,1.0394,1.04105,27904
2025-01-23 16:00:00,1.04106,1.0438,1.0372,1.04354,33700
2025-01-23 20:00:00,1.04356,1.0437,1.04128,1.04147,17201
2025-01-24 00:00:00,1.04148,1.04231,1.04115,1.0416,9294
2025-01-24 04:00:00,1.04161,1.0454,1.0416,1.04513,22026
2025-01-24 08:00:00,1.04514,1.05152,1.04473,1.04944,32692
2025-01-24 12:00:00,1.04945,1.04979,1.04636,1.04687,24505
2025-01-24 16:00:00,1.04686,1.05216,1.04671,1.05111,32199
2025-01-24 20:00:00,1.05111,1.05118,1.04883,1.04915,15063
2025-01-27 00:00:00,1.04749,1.04854,1.04611,1.04628,13859
2025-01-27 04:00:00,1.04629,1.04773,1.04558,1.04629,17336
2025-01-27 08:00:00,1.04629,1.04936,1.04539,1.04888,29683
2025-01-27 12:00:00,1.04887,1.05332,1.04887,1.05198,34481
2025-01-27 16:00:00,1.05197,1.05244,1.04846,1.04888,35048
2025-01-27 20:00:00,1.04888,1.04941,1.04791,1.04917,20256
2025-01-28 00:00:00,1.04885,1.04933,1.0428,1.04378,18898
2025-01-28 04:00:00,1.04377,1.04414,1.04245,1.04365,17418
2025-01-28 08:00:00,1.04366,1.04443,1.04192,1.04351,27547
2025-01-28 12:00:00,1.04351,1.04371,1.04139,1.04249,26735
2025-01-28 16:00:00,1.04248,1.0441,1.0421,1.0428,30868
2025-01-28 20:00:00,1.04279,1.04383,1.04224,1.04302,20383
2025-01-29 00:00:00,1.04239,1.04346,1.04239,1.04273,9393
2025-01-29 04:00:00,1.04272,1.04427,1.04258,1.04405,11504
2025-01-29 08:00:00,1.04407,1.04436,1.04018,1.04039,23982
2025-01-29 12:00:00,1.0404,1.04085,1.03822,1.03878,27747
2025-01-29 16:00:00,1.03878,1.04286,1.03862,1.04212,32461
2025-01-29 20:00:00,1.04214,1.04288,1.03883,1.04203,25996
2025-01-30 00:00:00,1.04147,1.0429,1.04147,1.04202,11632
2025-01-30 04:00:00,1.04201,1.04275,1.04175,1.0422,11234
2025-01-30 08:00:00,1.0422,1.04289,1.04019,1.04075,22158
2025-01-30 12:00:00,1.04073,1.04597,1.03902,1.0457,26016
2025-01-30 16:00:00,1.0456,1.04675,1.04093,1.04171,30443
2025-01-30 20:00:00,1.04172,1.04323,1.03862,1.03889,17546
2025-01-31 00:00:00,1.039,1.04025,1.03771,1.03888,13652
2025-01-31 04:00:00,1.03887,1.03949,1.03828,1.03888,15323
2025-01-31 08:00:00,1.03889,1.04126,1.0365199999999999,1.03837,24688
2025-01-31 12:00:00,1.03835,1.03954,1.03719,1.03821,25883
2025-01-31 16:00:00,1.03823,1.0434,1.03603,1.04201,35342
2025-01-31 20:00:00,1.042,1.04217,1.03499,1.03586,32353
2025-02-03 00:00:00,1.02434,1.02697,1.02103,1.02377,22712
2025-02-03 04:00:00,1.0238,1.02432,1.02121,1.02402,25602
2025-02-03 08:00:00,1.02404,1.02544,1.02127,1.02303,29747
2025-02-03 12:00:00,1.02303,1.02875,1.02297,1.02637,29248
2025-02-03 16:00:00,1.02637,1.03353,1.02419,1.02797,37665
2025-02-03 20:00:00,1.02792,1.03499,1.02699,1.0343,27500
2025-02-04 00:00:00,1.03435,1.03512,1.03086,1.0322,18322
2025-02-04 04:00:00,1.03219,1.03241,1.0272,1.02933,24608
2025-02-04 08:00:00,1.02934,1.03495,1.02921,1.03388,26802
2025-02-04 12:00:00,1.03387,1.03434,1.03202,1.03406,25402
2025-02-04 16:00:00,1.03405,1.03874,1.03401,1.03767,33850
2025-02-04 20:00:00,1.03766,1.03878,1.03743,1.03783,19595
2025-02-05 00:00:00,1.03746,1.03865,1.03697,1.03734,13781
2025-02-05 04:00:00,1.03734,1.03862,1.03731,1.03777,18114
2025-02-05 08:00:00,1.03779,1.04175,1.03741,1.0404,26491
2025-02-05 12:00:00,1.04041,1.04304,1.04014,1.04077,26401
2025-02-05 16:00:00,1.04079,1.04424,1.04061,1.04198,30523
2025-02-05 20:00:00,1.04198,1.04217,1.03968,1.04018,18929
2025-02-06 00:00:00,1.04008,1.04056,1.0395,1.04025,13935
2025-02-06 04:00:00,1.04022,1.04056,1.03851,1.03865,17831
2025-02-06 08:00:00,1.03865,1.03927,1.03562,1.03595,24256
2025-02-06 12:00:00,1.03596,1.03677,1.03524,1.03601,28115
2025-02-06 16:00:00,1.03605,1.03804,1.03597,1.0379,29059
2025-02-06 20:00:00,1.03791,1.03964,1.03737,1.03823,19625
2025-02-07 00:00:00,1.03822,1.03911,1.03743,1.03839,13539
2025-02-07 04:00:00,1.03838,1.03863,1.03739,1.03753,20771
2025-02-07 08:00:00,1.03752,1.04,1.03726,1.0391,22175
2025-02-07 12:00:00,1.0391,1.04117,1.03492,1.03636,24583
2025-02-07 16:00:00,1.03637,1.03889,1.03049,1.03218,36789
2025-02-07 20:00:00,1.03217,1.03385,1.03208,1.03261,20100
2025-02-10 00:00:00,1.02892,1.03186,1.0283,1.03031,14960
2025-02-10 04:00:00,1.03032,1.03217,1.02986,1.03163,13622
2025-02-10 08:00:00,1.03163,1.0334699999999999,1.03065,1.03269,23384
2025-02-10 12:00:00,1.03265,1.03365,1.03083,1.03215,22893
2025-02-10 16:00:00,1.03217,1.03235,1.03042,1.03125,25656
2025-02-10 20:00:00,1.03126,1.03162,1.03049,1.03066,14926
2025-02-11 00:00:00,1.03046,1.03087,1.02984,1.03021,14124
2025-02-11 04:00:00,1.03022,1.0306,1.0292,1.03048,20143
2025-02-11 08:00:00,1.03048,1.0322,1.02998,1.03178,23174
2025-02-11 12:00:00,1.0318,1.03287,1.03143,1.03225,22887
2025-02-11 16:00:00,1.03224,1.03514,1.03218,1.03456,26591
2025-02-11 20:00:00,1.03455,1.03815,1.03421,1.0360800000000001,20016
2025-02-12 00:00:00,1.03597,1.03676,1.0354,1.03606,9901
2025-02-12 04:00:00,1.03607,1.03678,1.0354700000000001,1.03585,13822
2025-02-12 08:00:00,1.03586,1.03801,1.03568,1.03736,21294
2025-02-12 12:00:00,1.03737,1.03856,1.0317,1.03331,25048
2025-02-12 16:00:00,1.0333,1.04274,1.03252,1.04263,34558
2025-02-12 20:00:00,1.04262,1.04297,1.03808,1.03818,22429
2025-02-13 00:00:00,1.03811,1.04018,1.03811,1.03999,12117
2025-02-13 04:00:00,1.04001,1.04383,1.03966,1.04351,18998
2025-02-13 08:00:00,1.0435,1.044,1.04102,1.04231,26160
2025-02-13 12:00:00,1.04232,1.04291,1.03756,1.03924,27135
2025-02-13 16:00:00,1.03924,1.04452,1.03821,1.04255,30357
2025-02-13 20:00:00,1.04253,1.04668,1.03727,1.04629,23151
2025-02-14 00:00:00,1.04626,1.04688,1.0456,1.04593,14445
2025-02-14 04:00:00,1.04594,1.0464,1.04472,1.04528,16896
2025-02-14 08:00:00,1.04529,1.04878,1.04518,1.04813,24831
2025-02-14 12:00:00,1.04813,1.04978,1.0457,1.04883,24654
2025-02-14 16:00:00,1.04882,1.05141,1.04872,1.05073,30157
2025-02-14 20:00:00,1.05073,1.05081,1.04885,1.04909,22179
2025-02-17 00:00:00,1.04852,1.05066,1.04848,1.05054,9263
2025-02-17 04:00:00,1.05054,1.05054,1.04846,1.04899,16374
2025-02-17 08:00:00,1.04899,1.04955,1.04709,1.04741,22228
2025-02-17 12:00:00,1.04741,1.04894,1.0467,1.04743,19833
2025-02-17 16:00:00,1.04744,1.04847,1.04713,1.04826,13680
2025-02-17 20:00:00,1.04828,1.04854,1.04792,1.04832,9120
2025-02-18 00:00:00,1.04827,1.04864,1.04625,1.04661,11302
2025-02-18 04:00:00,1.04663,1.04724,1.04522,1.04552,16632
2025-02-18 08:00:00,1.04552,1.04693,1.04546,1.04639,22262
2025-02-18 12:00:00,1.04638,1.04671,1.0441799999999999,1.04446,20898
2025-02-18 16:00:00,1.04448,1.04694,1.0439,1.04458,26471
2025-02-18 20:00:00,1.04461,1.04497,1.0435,1.04458,19654
2025-02-19 00:00:00,1.04404,1.0452,1.044,1.04466,10845
2025-02-19 04:00:00,1.04468,1.04565,1.04446,1.04563,14891
2025-02-19 08:00:00,1.04564,1.04615,1.04282,1.0429,21762
2025-02-19 12:00:00,1.04292,1.04353,1.04187,1.0434,25288
2025-02-19 16:00:00,1.04337,1.04414,1.04008,1.04097,27076
2025-02-19 20:00:00,1.04098,1.04326,1.04085,1.04226,19637
2025-02-20 00:00:00,1.04211,1.04327,1.04164,1.04213,12644
2025-02-20 04:00:00,1.04214,1.04377,1.04201,1.04276,17111
2025-02-20 08:00:00,1.04278,1.04419,1.04234,1.0437,20745
2025-02-20 12:00:00,1.0437,1.04549,1.04307,1.04481,23570
2025-02-20 16:00:00,1.0448,1.04946,1.0441799999999999,1.04892,30443
2025-02-20 20:00:00,1.0489,1.05036,1.04853,1.0501,18761
2025-02-21 00:00:00,1.05008,1.05055,1.04846,1.04869,14420
2025-02-21 04:00:00,1.04869,1.0505,1.04864,1.04929,15592
2025-02-21 08:00:00,1.04929,1.04998,1.04666,1.04694,24053
2025-02-21 12:00:00,1.04693,1.04779,1.04593,1.04754,21024
2025-02-21 16:00:00,1.04753,1.04924,1.04492,1.04631,30511
2025-02-21 20:00:00,1.04629,1.0468,1.04509,1.04579,26018
2025-02-24 00:00:00,1.04692,1.05205,1.04608,1.05181,17024
2025-02-24 04:00:00,1.0518,1.05282,1.05102,1.05164,22390
2025-02-24 08:00:00,1.05164,1.05164,1.04688,1.04721,27192
2025-02-24 12:00:00,1.0472,1.04812,1.04601,1.04668,23610
2025-02-24 16:00:00,1.04669,1.04839,1.04528,1.04725,33709
2025-02-24 20:00:00,1.04724,1.04859,1.04619,1.04672,26228
2025-02-25 00:00:00,1.04619,1.047,1.04598,1.04653,13688
2025-02-25 04:00:00,1.04652,1.04783,1.04652,1.04768,18969
2025-02-25 08:00:00,1.0477,1.048,1.04563,1.04732,25396
2025-02-25 12:00:00,1.04733,1.05096,1.04651,1.05002,26763
2025-02-25 16:00:00,1.05002,1.05194,1.04838,1.05023,34715
2025-02-25 20:00:00,1.05022,1.05192,1.05022,1.0512299999999999,24006
2025-02-26 00:00:00,1.05122,1.05251,1.05112,1.05154,11665
2025-02-26 04:00:00,1.05154,1.05169,1.04904,1.04916,16333
2025-02-26 08:00:00,1.04916,1.05117,1.04872,1.04971,22479
2025-02-26 12:00:00,1.0497,1.05021,1.04749,1.04843,24036
2025-02-26 16:00:00,1.04842,1.05286,1.04791,1.04923,36409
2025-02-26 20:00:00,1.04923,1.05005,1.04785,1.0484,26277
2025-02-27 00:00:00,1.04831,1.04927,1.0473,1.04785,12696
2025-02-27 04:00:00,1.04784,1.04806,1.04591,1.0465,17423
2025-02-27 08:00:00,1.0465,1.04853,1.04639,1.04843,23114
2025-02-27 12:00:00,1.04842,1.04893,1.0419100000000001,1.04231,23930
2025-02-27 16:00:00,1.04232,1.04415,1.04004,1.04072,34141
2025-02-27 20:00:00,1.04073,1.04177,1.03968,1.03981,22672
2025-02-28 00:00:00,1.03983,1.04043,1.03844,1.03848,15339
2025-02-28 04:00:00,1.0385,1.03918,1.03804,1.0389,20378
2025-02-28 08:00:00,1.03889,1.04079,1.03826,1.03954,22968
2025-02-28 12:00:00,1.03953,1.04163,1.03923,1.04068,22908
2025-02-28 16:00:00,1.04068,1.042,1.03899,1.03964,33852
2025-02-28 20:00:00,1.03964,1.03982,1.03598,1.03754,30722
2025-03-03 00:00:00,1.04035,1.04232,1.03994,1.04195,15572
2025-03-03 04:00:00,1.04197,1.04231,1.04099,1.04144,17310
2025-03-03 08:00:00,1.04144,1.0429,1.03885,1.04275,22170
2025-03-03 12:00:00,1.04276,1.04763,1.04272,1.0472,29372
2025-03-03 16:00:00,1.0472,1.05036,1.04686,1.04906,31387
2025-03-03 20:00:00,1.04907,1.05034,1.04666,1.04857,27209
2025-03-04 00:00:00,1.04852,1.04958,1.04765,1.04882,15751
2025-03-04 04:00:00,1.04884,1.04899,1.0471,1.04834,20628
2025-03-04 08:00:00,1.04835,1.05271,1.04791,1.05122,26819
2025-03-04 12:00:00,1.0512,1.05595,1.05025,1.0539,28119
2025-03-04 16:00:00,1.0539,1.05485,1.04963,1.05417,36237
2025-03-04 20:00:00,1.05419,1.06272,1.05377,1.0625499999999999,30990
2025-03-05 00:00:00,1.06256,1.06372,1.06086,1.06129,17905
2025-03-05 04:00:00,1.06128,1.06325,1.06021,1.06315,24315
2025-03-05 08:00:00,1.06313,1.07221,1.06242,1.07117,32184
2025-03-05 12:00:00,1.07117,1.07226,1.06764,1.07156,31943
2025-03-05 16:00:00,1.07157,1.07879,1.07139,1.07852,37001
2025-03-05 20:00:00,1.07853,1.07966,1.07638,1.07879,33446
2025-03-06 00:00:00,1.07833,1.08202,1.07833,1.08153,13962
2025-03-06 04:00:00,1.08152,1.08193,1.07841,1.08103,21401
2025-03-06 08:00:00,1.08103,1.08221,1.07804,1.07997,29543
2025-03-06 12:00:00,1.07997,1.08448,1.07827,1.08259,26476
2025-03-06 16:00:00,1.08258,1.08536,1.07915,1.07972,35593
2025-03-06 20:00:00,1.0796999999999999,1.08116,1.0765500000000001,1.07837,24729
2025-03-07 00:00:00,1.07824,1.07965,1.07793,1.079,12594
2025-03-07 04:00:00,1.07901,1.08177,1.07845,1.08133,15939
2025-03-07 08:00:00,1.08134,1.08712,1.08081,1.08615,25813
2025-03-07 12:00:00,1.0861399999999999,1.08885,1.0841,1.08448,27138
2025-03-07 16:00:00,1.08444,1.08864,1.08319,1.08432,32465
2025-03-07 20:00:00,1.08433,1.08514,1.08255,1.0832,21251
2025-03-10 00:00:00,1.08295,1.0867,1.08281,1.08642,13702
2025-03-10 04:00:00,1.08642,1.08711,1.08302,1.0830899999999999,19254
2025-03-10 08:00:00,1.08308,1.08448,1.08049,1.08099,25010
2025-03-10 12:00:00,1.08099,1.08745,1.08087,1.08438,31228
2025-03-10 16:00:00,1.08442,1.08508,1.08207,1.08302,33902
2025-03-10 20:00:00,1.08302,1.08457,1.08176,1.08329,25259
2025-03-11 00:00:00,1.08323,1.08533,1.08296,1.08515,11034
2025-03-11 04:00:00,1.08516,1.0861399999999999,1.08436,1.08545,20927
2025-03-11 08:00:00,1.08544,1.09193,1.08356,1.09171,26376
2025-03-11 12:00:00,1.0917,1.09208,1.0881,1.0918,25605
2025-03-11 16:00:00,1.09181,1.09305,1.08949,1.09253,34751
2025-03-11 20:00:00,1.09252,1.09473,1.09101,1.09178,24830
2025-03-12 00:00:00,1.09175,1.09211,1.09054,1.09089,10299
2025-03-12 04:00:00,1.0909,1.09154,1.08959,1.0899,21749
2025-03-12 08:00:00,1.08989,1.09215,1.08874,1.09214,26318
2025-03-12 12:00:00,1.09215,1.09306,1.08761,1.0878,30123
2025-03-12 16:00:00,1.0878,1.09278,1.08756,1.09058,33861
2025-03-12 20:00:00,1.09059,1.09143,1.08797,1.08869,23935
2025-03-13 00:00:00,1.08875,1.08918,1.08827,1.08915,6935
2025-03-13 04:00:00,1.08916,1.08971,1.08818,1.08935,15117
2025-03-13 08:00:00,1.08936,1.08936,1.08592,1.08735,24958
2025-03-13 12:00:00,1.08734,1.08853,1.08261,1.08346,29767
2025-03-13 16:00:00,1.08347,1.08783,1.08224,1.08727,34403
2025-03-13 20:00:00,1.0872600000000001,1.08735,1.08464,1.0851,23697
2025-03-14 00:00:00,1.0851,1.08586,1.08454,1.08491,8047
2025-03-14 04:00:00,1.0849199999999999,1.08495,1.08342,1.08411,15555
2025-03-14 08:00:00,1.0841,1.08568,1.08306,1.0854,22966
2025-03-14 12:00:00,1.08539,1.09127,1.08468,1.08945,29958
2025-03-14 16:00:00,1.08946,1.0898,1.08655,1.0883099999999999,29900
2025-03-14 20:00:00,1.0883,1.08881,1.08732,1.08756,15762
2025-03-17 00:00:00,1.08775,1.08853,1.08747,1.08794,7389
2025-03-17 04:00:00,1.08796,1.08937,1.08743,1.08822,11618
2025-03-17 08:00:00,1.08823,1.08868,1.08685,1.08838,18890
2025-03-17 12:00:00,1.08837,1.09119,1.08769,1.09018,22685
2025-03-17 16:00:00,1.0902,1.09296,1.0897000000000001,1.09213,28209
2025-03-17 20:00:00,1.09214,1.09277,1.09115,1.09215,16391
2025-03-18 00:00:00,1.09217,1.09229,1.09148,1.0916,6899
2025-03-18 04:00:00,1.09161,1.09192,1.09062,1.09111,12474
2025-03-18 08:00:00,1.09112,1.09546,1.09035,1.09515,20568
2025-03-18 12:00:00,1.09516,1.09532,1.08925,1.09116,25707
2025-03-18 16:00:00,1.09115,1.094,1.08966,1.09387,27848
2025-03-18 20:00:00,1.09386,1.09517,1.09386,1.0944,17619
2025-03-19 00:00:00,1.09438,1.09461,1.0931899999999999,1.09347,5672
2025-03-19 04:00:00,1.09347,1.09451,1.09282,1.09301,7778
2025-03-19 08:00:00,1.093,1.09363,1.0873,1.09072,19524
2025-03-19 12:00:00,1.09074,1.09176,1.08913,1.0901,21302
2025-03-19 16:00:00,1.09011,1.09039,1.08753,1.08852,26397
2025-03-19 20:00:00,1.08853,1.09133,1.0860400000000001,1.09016,25153
2025-03-20 00:00:00,1.09021,1.09165,1.09006,1.09123,7933
2025-03-20 04:00:00,1.09124,1.09173,1.09001,1.09034,15361
2025-03-20 08:00:00,1.09035,1.09035,1.0863,1.08654,19220
2025-03-20 12:00:00,1.08652,1.08685,1.0830899999999999,1.08338,24366
2025-03-20 16:00:00,1.08337,1.08523,1.08146,1.08488,27852
2025-03-20 20:00:00,1.08487,1.08592,1.08391,1.0851,14808
2025-03-21 00:00:00,1.08501,1.08589,1.08469,1.08532,6673
2025-03-21 04:00:00,1.08531,1.08557,1.08276,1.08305,13977
2025-03-21 08:00:00,1.08304,1.08455,1.08201,1.0836,18537
2025-03-21 12:00:00,1.08361,1.0861,1.08247,1.0832,20576
2025-03-21 16:00:00,1.08322,1.0836,1.07967,1.08181,27913
2025-03-21 20:00:00,1.0818,1.08271,1.08051,1.08122,17662
2025-03-24 00:00:00,1.08136,1.08401,1.08117,1.08372,9449
2025-03-24 04:00:00,1.08371,1.08376,1.0817,1.08229,15633
2025-03-24 08:00:00,1.08228,1.0858,1.08183,1.08428,21716
2025-03-24 12:00:00,1.08432,1.08549,1.08215,1.08298,22457
2025-03-24 16:00:00,1.08299,1.08306,1.07814,1.07919,28866
2025-03-24 20:00:00,1.07921,1.08132,1.0783800000000001,1.08003,15493
2025-03-25 00:00:00,1.08006,1.08038,1.07947,1.08003,5591
2025-03-25 04:00:00,1.08002,1.08089,1.07942,1.08036,12629
2025-03-25 08:00:00,1.08035,1.08072,1.0777,1.07904,18167
2025-03-25 12:00:00,1.07904,1.08302,1.07875,1.08252,23899
2025-03-25 16:00:00,1.08252,1.08275,1.07971,1.08066,30306
2025-03-25 20:00:00,1.0806499999999999,1.08169,1.07896,1.07898,16389
2025-03-26 00:00:00,1.07894,1.07939,1.07834,1.07845,6538
2025-03-26 04:00:00,1.07844,1.07971,1.0778,1.07842,12585
2025-03-26 08:00:00,1.07841,1.07999,1.0777700000000001,1.07993,19952
2025-03-26 12:00:00,1.07992,1.08026,1.07817,1.07842,21918
2025-03-26 16:00:00,1.07843,1.07953,1.07675,1.07876,28280
2025-03-26 20:00:00,1.07876,1.07893,1.07439,1.07525,18256
2025-03-27 00:00:00,1.07525,1.07574,1.07329,1.07556,10773
2025-03-27 04:00:00,1.07557,1.07869,1.07552,1.07805,11404
2025-03-27 08:00:00,1.07804,1.07826,1.0754,1.0776,20484
2025-03-27 12:00:00,1.07757,1.07997,1.07611,1.07871,25125
2025-03-27 16:00:00,1.07872,1.08211,1.07763,1.0799,30856
2025-03-27 20:00:00,1.07991,1.08088,1.07881,1.08002,15422
2025-03-28 00:00:00,1.07998,1.08014,1.07882,1.07951,7244
2025-03-28 04:00:00,1.0795,1.07989,1.07844,1.07885,11755
2025-03-28 08:00:00,1.07886,1.07999,1.07752,1.07783,17211
2025-03-28 12:00:00,1.07783,1.0792,1.07645,1.07889,21829
2025-03-28 16:00:00,1.07887,1.08448,1.0784799999999999,1.08216,30299
2025-03-28 20:00:00,1.08217,1.08363,1.08119,1.08244,16972
2025-03-31 00:00:00,1.08221,1.08415,1.08052,1.08415,11023
2025-03-31 04:00:00,1.08414,1.08458,1.08291,1.08343,13377
2025-03-31 08:00:00,1.08342,1.08494,1.08116,1.08275,23519
2025-03-31 12:00:00,1.08272,1.08305,1.0801,1.08037,21424
2025-03-31 16:00:00,1.08037,1.08213,1.0784,1.08119,26857
2025-03-31 20:00:00,1.08118,1.08199,1.08071,1.08152,14553
2025-04-01 00:00:00,1.08147,1.08266,1.08138,1.08254,6856
2025-04-01 04:00:00,1.08252,1.08302,1.08169,1.08251,12516
2025-04-01 08:00:00,1.08252,1.08255,1.07987,1.08175,21666
2025-04-01 12:00:00,1.08173,1.08291,1.07782,1.07872,25706
2025-04-01 16:00:00,1.07872,1.08125,1.07791,1.07998,28098
2025-04-01 20:00:00,1.08,1.08047,1.07852,1.07912,13366
2025-04-02 00:00:00,1.07916,1.08081,1.07867,1.07906,7556
2025-04-02 04:00:00,1.07906,1.0802,1.07871,1.07928,10390
2025-04-02 08:00:00,1.07927,1.08019,1.07801,1.07974,18146
2025-04-02 12:00:00,1.07973,1.08195,1.07859,1.08192,21397
2025-04-02 16:00:00,1.08193,1.0873,1.08147,1.08522,30564
2025-04-02 20:00:00,1.0852,1.09243,1.08106,1.08549,24974
2025-04-03 00:00:00,1.08438,1.09108,1.08048,1.08906,22961
2025-04-03 04:00:00,1.08906,1.09245,1.08865,1.09067,22553
2025-04-03 08:00:00,1.09068,1.10206,1.09064,1.10091,31683
2025-04-03 12:00:00,1.10092,1.11464,1.10035,1.10817,35665
2025-04-03 16:00:00,1.10816,1.11351,1.10328,1.10388,36092
2025-04-03 20:00:00,1.10383,1.10527,1.10159,1.10511,23276
2025-04-04 00:00:00,1.10462,1.10716,1.10366,1.1060699999999999,14715
2025-04-04 04:00:00,1.10606,1.10986,1.10572,1.10874,25098
2025-04-04 08:00:00,1.10875,1.11078,1.09752,1.09962,31935
2025-04-04 12:00:00,1.09964,1.10897,1.09644,1.10196,40821
2025-04-04 16:00:00,1.1019700000000001,1.10479,1.096,1.09709,41926
2025-04-04 20:00:00,1.09711,1.09767,1.09244,1.09563,30742
2025-04-07 00:00:00,1.08881,1.10013,1.08797,1.09668,23839
2025-04-07 04:00:00,1.09668,1.09875,1.0919699999999999,1.09847,26801
2025-04-07 08:00:00,1.09848,1.1050200000000001,1.09678,1.0992,35694
2025-04-07 12:00:00,1.0991900000000001,1.09964,1.09349,1.09735,36039
2025-04-07 16:00:00,1.09741,1.09823,1.09006,1.09321,38237
2025-04-07 20:00:00,1.09323,1.09519,1.09016,1.09045,27526
2025-04-08 00:00:00,1.09054,1.09505,1.09017,1.09398,13907
2025-04-08 04:00:00,1.09398,1.09802,1.0937999999999999,1.09759,23297
2025-04-08 08:00:00,1.09758,1.0991900000000001,1.09213,1.09366,30962
2025-04-08 12:00:00,1.09364,1.09684,1.0911,1.09482,32603
2025-04-08 16:00:00,1.09481,1.09556,1.08881,1.09298,34757
2025-04-08 20:00:00,1.09297,1.0977999999999999,1.09259,1.09566,30213
2025-04-09 00:00:00,1.09512,1.10166,1.09472,1.1014599999999999,16874
2025-04-09 04:00:00,1.10149,1.10688,1.10094,1.10686,30677
2025-04-09 08:00:00,1.10682,1.10895,1.09977,1.10276,37069
2025-04-09 12:00:00,1.10275,1.1095,1.10091,1.10753,35178
2025-04-09 16:00:00,1.10759,1.10818,1.10135,1.102,33118
2025-04-09 20:00:00,1.10202,1.1063,1.09133,1.09472,36220
2025-04-10 00:00:00,1.09479,1.09866,1.09428,1.09862,17750
2025-04-10 04:00:00,1.09861,1.09891,1.09611,1.09827,23216
2025-04-10 08:00:00,1.09826,1.10477,1.09625,1.10376,29876
2025-04-10 12:00:00,1.10374,1.11315,1.10333,1.1097,33526
2025-04-10 16:00:00,1.1097299999999999,1.12287,1.10908,1.11966,39140
2025-04-10 20:00:00,1.11965,1.12413,1.11586,1.11989,30649
2025-04-11 00:00:00,1.11896,1.1385,1.11853,1.13099,22828
2025-04-11 04:00:00,1.13101,1.13542,1.12755,1.13224,27165
2025-04-11 08:00:00,1.13225,1.14735,1.12461,1.14272,35692
2025-04-11 12:00:00,1.1427,1.1427,1.1320000000000001,1.13953,35694
2025-04-11 16:00:00,1.1395,1.14121,1.12766,1.13057,38042
2025-04-11 20:00:00,1.13059,1.13597,1.12821,1.13557,22687
2025-04-14 00:00:00,1.13164,1.13706,1.13128,1.13653,18279
2025-04-14 04:00:00,1.13654,1.1408800000000001,1.1358,1.13674,22750
2025-04-14 08:00:00,1.13675,1.1424400000000001,1.13528,1.13875,28685
2025-04-14 12:00:00,1.13875,1.14075,1.13343,1.13387,28954
2025-04-14 16:00:00,1.13387,1.13816,1.12958,1.13304,31096
2025-04-14 20:00:00,1.13306,1.13697,1.13284,1.13499,19668
2025-04-15 00:00:00,1.1343,1.13612,1.1317,1.13286,12097
2025-04-15 04:00:00,1.13287,1.1363,1.13159,1.1357,17816
2025-04-15 08:00:00,1.13568,1.13787,1.13206,1.13465,26792
2025-04-15 12:00:00,1.13465,1.13559,1.13087,1.13126,26585
2025-04-15 16:00:00,1.13121,1.1329500000000001,1.1264,1.12743,30700
2025-04-15 20:00:00,1.12744,1.12898,1.12662,1.12804,18251
2025-04-16 00:00:00,1.12819,1.13216,1.1279,1.13169,14048
2025-04-16 04:00:00,1.1317,1.13479,1.13162,1.13464,20654
2025-04-16 08:00:00,1.13463,1.13921,1.1338,1.13693,29842
2025-04-16 12:00:00,1.13694,1.13776,1.13403,1.13514,30768
2025-04-16 16:00:00,1.13516,1.13869,1.13497,1.1374900000000001,29938
2025-04-16 20:00:00,1.13744,1.14127,1.13593,1.13985,24731
2025-04-17 00:00:00,1.13916,1.14093,1.13648,1.13679,14486
2025-04-17 04:00:00,1.13679,1.13816,1.13553,1.13622,19952
2025-04-17 08:00:00,1.13623,1.13884,1.13433,1.13785,25019
2025-04-17 12:00:00,1.13786,1.13806,1.13352,1.13562,27764
2025-04-17 16:00:00,1.13563,1.13857,1.13384,1.1350500000000001,31059
2025-04-17 20:00:00,1.1350500000000001,1.13767,1.1341,1.13636,19219
2025-04-18 00:00:00,1.13624,1.1386,1.13586,1.13745,11117
2025-04-18 04:00:00,1.13742,1.13785,1.13681,1.13694,18643
2025-04-18 08:00:00,1.13692,1.13763,1.13589,1.13709,24896
2025-04-18 12:00:00,1.13709,1.13866,1.13672,1.13825,25469
2025-04-18 16:00:00,1.13825,1.13977,1.13767,1.1394,21016
2025-04-18 20:00:00,1.1394,1.1396600000000001,1.13888,1.13911,9217
2025-04-21 00:00:00,1.13962,1.1486,1.13921,1.14662,17056
2025-04-21 04:00:00,1.14663,1.1532499999999999,1.1464699999999999,1.15173,21136
2025-04-21 08:00:00,1.15175,1.15673,1.15046,1.15584,24814
2025-04-21 12:00:00,1.15583,1.15728,1.15131,1.15424,24345
2025-04-21 16:00:00,1.15426,1.15428,1.14814,1.15097,26804
2025-04-21 20:00:00,1.15096,1.15269,1.14934,1.15128,18501
2025-04-22 00:00:00,1.15119,1.15253,1.14819,1.14905,13991
2025-04-22 04:00:00,1.14906,1.15407,1.14855,1.15301,21671
2025-04-22 08:00:00,1.15301,1.15472,1.14831,1.14996,29429
2025-04-22 12:00:00,1.14996,1.15077,1.14614,1.14699,27780
2025-04-22 16:00:00,1.14702,1.14921,1.14331,1.1434,30307
2025-04-22 20:00:00,1.14341,1.14539,1.14173,1.14206,19243
2025-04-23 00:00:00,1.14246,1.1427100000000001,1.13077,1.13975,22632
2025-04-23 04:00:00,1.1397599999999999,1.1415,1.13708,1.13901,22647
2025-04-23 08:00:00,1.13901,1.14151,1.13708,1.14129,27785
2025-04-23 12:00:00,1.14128,1.14399,1.1386,1.14053,25661
2025-04-23 16:00:00,1.14053,1.14121,1.1328,1.13397,34646
2025-04-23 20:00:00,1.13397,1.1344,1.13104,1.13131,19409
2025-04-24 00:00:00,1.13151,1.13471,1.13129,1.13436,12911
2025-04-24 04:00:00,1.13433,1.13573,1.1332200000000001,1.13389,17455
2025-04-24 08:00:00,1.13389,1.13928,1.13305,1.13803,24453
2025-04-24 12:00:00,1.13803,1.13946,1.1357599999999999,1.13762,24116
2025-04-24 16:00:00,1.13766,1.13874,1.13477,1.138,28330
2025-04-24 20:00:00,1.13797,1.13978,1.1363699999999999,1.13877,17478
2025-04-25 00:00:00,1.1387,1.13932,1.13467,1.13472,11632
2025-04-25 04:00:00,1.13473,1.1359,1.13155,1.13351,21305
2025-04-25 08:00:00,1.1335,1.13682,1.13216,1.1350500000000001,26299
2025-04-25 12:00:00,1.1350500000000001,1.13667,1.13342,1.13522,24191
2025-04-25 16:00:00,1.13524,1.13888,1.13329,1.13684,26990
2025-04-25 20:00:00,1.13685,1.13827,1.1357,1.13634,16790
2025-04-28 00:00:00,1.13617,1.1365,1.13399,1.1363699999999999,12204
2025-04-28 04:00:00,1.13638,1.13726,1.1343,1.1372200000000001,16311
2025-04-28 08:00:00,1.1372200000000001,1.13807,1.13294,1.13436,22804
2025-04-28 12:00:00,1.13436,1.13729,1.13409,1.13512,22228
2025-04-28 16:00:00,1.13513,1.14222,1.1339299999999999,1.14114,29013
2025-04-28 20:00:00,1.14112,1.14251,1.1400299999999999,1.14204,18227
2025-04-29 00:00:00,1.14142,1.14221,1.13992,1.13998,10588
2025-04-29 04:00:00,1.13998,1.14197,1.13738,1.13781,18123
2025-04-29 08:00:00,1.1378,1.14119,1.1376,1.13853,22750
2025-04-29 12:00:00,1.13851,1.14143,1.13701,1.14104,24427
2025-04-29 16:00:00,1.14105,1.14186,1.13789,1.14032,29128
2025-04-29 20:00:00,1.14033,1.14047,1.1375899999999999,1.1384400000000001,16028
2025-04-30 00:00:00,1.13829,1.13959,1.13769,1.13825,9814
2025-04-30 04:00:00,1.13827,1.13865,1.1355,1.13733,17608
2025-04-30 08:00:00,1.13734,1.13994,1.13622,1.13712,21569
2025-04-30 12:00:00,1.13714,1.13885,1.13558,1.13735,24035
2025-04-30 16:00:00,1.13735,1.13792,1.13233,1.13555,30578
2025-04-30 20:00:00,1.13555,1.13648,1.1317,1.13279,19550
2025-05-01 00:00:00,1.13274,1.13315,1.13186,1.13217,8916
2025-05-01 04:00:00,1.13218,1.1322,1.12996,1.1302699999999999,16502
2025-05-01 08:00:00,1.1302699999999999,1.1331,1.12877,1.13197,21727
2025-05-01 12:00:00,1.13197,1.13411,1.13082,1.1315,23878
2025-05-01 16:00:00,1.1314899999999999,1.13274,1.12658,1.1290499999999999,27937
2025-05-01 20:00:00,1.12908,1.12939,1.1274899999999999,1.12889,16637
2025-05-02 00:00:00,1.12858,1.1299299999999999,1.12742,1.12823,11233
2025-05-02 04:00:00,1.12823,1.13154,1.12784,1.13041,16766
2025-05-02 08:00:00,1.13041,1.13378,1.13023,1.13318,23678
2025-05-02 12:00:00,1.13319,1.13552,1.13043,1.13187,28317
2025-05-02 16:00:00,1.13186,1.13809,1.13147,1.1320000000000001,31315
2025-05-02 20:00:00,1.13201,1.13202,1.12923,1.12953,18369
2025-05-05 00:00:00,1.13034,1.13275,1.12915,1.13225,11918
2025-05-05 04:00:00,1.13226,1.13467,1.13224,1.13374,16925
2025-05-05 08:00:00,1.13374,1.13474,1.13112,1.13263,23335
2025-05-05 12:00:00,1.13267,1.13633,1.13263,1.13599,24353
2025-05-05 16:00:00,1.1360000000000001,1.13649,1.12992,1.13022,25053
2025-05-05 20:00:00,1.13023,1.13211,1.12972,1.13133,15922
2025-05-06 00:00:00,1.13134,1.13199,1.12809,1.1286100000000001,8629
2025-05-06 04:00:00,1.1286100000000001,1.13274,1.12799,1.13244,18273
2025-05-06 08:00:00,1.13244,1.13494,1.13136,1.1327099999999999,22667
2025-05-06 12:00:00,1.1327,1.13438,1.13053,1.13403,29247
2025-05-06 16:00:00,1.13404,1.13695,1.13263,1.13489,32679
2025-05-06 20:00:00,1.13492,1.13811,1.13491,1.13684,19789
2025-05-07 00:00:00,1.13657,1.13738,1.13252,1.13409,17487
2025-05-07 04:00:00,1.13407,1.13517,1.13264,1.13437,23939
2025-05-07 08:00:00,1.13438,1.13782,1.1343,1.13583,28828
2025-05-07 12:00:00,1.13582,1.13729,1.13471,1.13592,26158
2025-05-07 16:00:00,1.13593,1.13711,1.13369,1.1348799999999999,30413
2025-05-07 20:00:00,1.13491,1.13649,1.12917,1.13,27808
2025-05-08 00:00:00,1.12998,1.13223,1.12988,1.13103,11072
2025-05-08 04:00:00,1.13102,1.13364,1.13082,1.1318,22010
2025-05-08 08:00:00,1.1318,1.13184,1.12703,1.12879,31212
2025-05-08 12:00:00,1.12879,1.13202,1.12752,1.12996,30197
2025-05-08 16:00:00,1.12997,1.13163,1.12205,1.1226,36859
2025-05-08 20:00:00,1.12259,1.12306,1.12118,1.1227800000000001,21376
2025-05-09 00:00:00,1.12194,1.12332,1.12129,1.1227,10722
2025-05-09 04:00:00,1.12268,1.12299,1.11965,1.12279,21493
2025-05-09 08:00:00,1.1227800000000001,1.1259299999999999,1.12183,1.12565,25993
2025-05-09 12:00:00,1.1256599999999999,1.12607,1.12423,1.1254,25158
2025-05-09 16:00:00,1.12541,1.12928,1.12531,1.12584,29779
2025-05-09 20:00:00,1.12586,1.12664,1.12447,1.12469,13853
2025-05-12 00:00:00,1.11945,1.12389,1.119,1.12387,13145
2025-05-12 04:00:00,1.12386,1.12428,1.12223,1.12275,19444
2025-05-12 08:00:00,1.12276,1.12356,1.10823,1.11376,32432
2025-05-12 12:00:00,1.11377,1.11417,1.10719,1.11135,33389
2025-05-12 16:00:00,1.11135,1.11345,1.10835,1.10845,34161
2025-05-12 20:00:00,1.10846,1.10968,1.10654,1.10854,20096
2025-05-13 00:00:00,1.10848,1.11066,1.10818,1.11045,11498
2025-05-13 04:00:00,1.11046,1.11174,1.10991,1.11167,18267
2025-05-13 08:00:00,1.11168,1.11244,1.11013,1.11114,28213
2025-05-13 12:00:00,1.11119,1.1131199999999999,1.10969,1.11307,26490
2025-05-13 16:00:00,1.11307,1.11829,1.11273,1.11759,34147
2025-05-13 20:00:00,1.1176,1.11949,1.11677,1.11848,16128
2025-05-14 00:00:00,1.11848,1.11975,1.1181,1.11922,10233
2025-05-14 04:00:00,1.11923,1.12009,1.11828,1.1189,21207
2025-05-14 08:00:00,1.11889,1.12521,1.1179999999999999,1.12386,27961
2025-05-14 12:00:00,1.1239,1.12657,1.12094,1.12253,30731
2025-05-14 16:00:00,1.12254,1.12349,1.11756,1.11889,33427
2025-05-14 20:00:00,1.11891,1.1197,1.11645,1.11735,19350
2025-05-15 00:00:00,1.11719,1.11946,1.11662,1.11915,11155
2025-05-15 04:00:00,1.11916,1.12013,1.11888,1.11928,18242
2025-05-15 08:00:00,1.11929,1.12283,1.11856,1.12099,26707
2025-05-15 12:00:00,1.12098,1.12138,1.11793,1.12098,24902
2025-05-15 16:00:00,1.12096,1.12237,1.11725,1.11809,31383
2025-05-15 20:00:00,1.11808,1.11891,1.11702,1.11844,16306
2025-05-16 00:00:00,1.11834,1.12082,1.1179000000000001,1.12048,13378
2025-05-16 04:00:00,1.12048,1.12087,1.11962,1.12033,19205
2025-05-16 08:00:00,1.12031,1.12196,1.1197,1.11991,23629
2025-05-16 12:00:00,1.1199,1.12089,1.11881,1.1197300000000001,24020
2025-05-16 16:00:00,1.11972,1.12059,1.11309,1.11447,29312
2025-05-16 20:00:00,1.1145,1.11634,1.11394,1.11605,15680
2025-05-19 00:00:00,1.1172,1.11986,1.11705,1.1197300000000001,14179
2025-05-19 04:00:00,1.1197300000000001,1.11989,1.11724,1.11839,19565
2025-05-19 08:00:00,1.11839,1.1259000000000001,1.11762,1.12573,29529
2025-05-19 12:00:00,1.12574,1.12881,1.1255,1.12572,31063
2025-05-19 16:00:00,1.1257,1.1265,1.12291,1.12353,31193
2025-05-19 20:00:00,1.12355,1.12447,1.1224,1.12406,15699
2025-05-20 00:00:00,1.12381,1.12437,1.12179,1.1228,9530
2025-05-20 04:00:00,1.12282,1.12514,1.12264,1.12424,20261
2025-05-20 08:00:00,1.12423,1.12777,1.12418,1.12583,30601
2025-05-20 12:00:00,1.12585,1.12671,1.12237,1.12345,26285
2025-05-20 16:00:00,1.12346,1.12698,1.12247,1.12567,32447
2025-05-20 20:00:00,1.12569,1.12858,1.12549,1.12814,17144
2025-05-21 00:00:00,1.1282,1.13012,1.1279,1.12955,11637
2025-05-21 04:00:00,1.12953,1.13397,1.12867,1.1329,20931
2025-05-21 08:00:00,1.13291,1.13531,1.13121,1.13227,28196
2025-05-21 12:00:00,1.13229,1.13621,1.13147,1.13346,28418
2025-05-21 16:00:00,1.13347,1.13543,1.1323400000000001,1.13406,29110
2025-05-21 20:00:00,1.13407,1.13628,1.13156,1.13283,23248
2025-05-22 00:00:00,1.13268,1.13434,1.13109,1.13274,14386
2025-05-22 04:00:00,1.13273,1.13448,1.13172,1.13331,21751
2025-05-22 08:00:00,1.13333,1.1342,1.12953,1.1302,29689
2025-05-22 12:00:00,1.1301700000000001,1.1314899999999999,1.12848,1.12949,30387
2025-05-22 16:00:00,1.12952,1.1309,1.12658,1.12691,31169
2025-05-22 20:00:00,1.12691,1.12859,1.12559,1.1279,16119
2025-05-23 00:00:00,1.12775,1.13002,1.12775,1.12971,8851
2025-05-23 04:00:00,1.1297,1.1320999999999999,1.1295,1.1318,14965
2025-05-23 08:00:00,1.1318,1.13445,1.13082,1.13419,21378
2025-05-23 12:00:00,1.13419,1.13755,1.12976,1.13335,28085
2025-05-23 16:00:00,1.13335,1.13596,1.13108,1.13582,26636
2025-05-23 20:00:00,1.13584,1.13694,1.13518,1.13612,15734
2025-05-26 00:00:00,1.13624,1.13977,1.1360000000000001,1.13969,14142
2025-05-26 04:00:00,1.13968,1.14187,1.1388099999999999,1.14092,17838
2025-05-26 08:00:00,1.14095,1.14184,1.13828,1.13845,20490
2025-05-26 12:00:00,1.1384400000000001,1.13869,1.13689,1.13751,16552
2025-05-26 16:00:00,1.1375,1.13853,1.13729,1.13833,13661
2025-05-26 20:00:00,1.13834,1.13883,1.1378300000000001,1.1385,3669
2025-05-27 00:00:00,1.13837,1.1403,1.13792,1.14001,9244
2025-05-27 04:00:00,1.1400000000000001,1.14073,1.13775,1.13785,15840
2025-05-27 08:00:00,1.13784,1.13928,1.1337,1.1348799999999999,26514
2025-05-27 12:00:00,1.1348799999999999,1.13679,1.13406,1.13667,24072
2025-05-27 16:00:00,1.13667,1.13755,1.1323,1.13318,25224
2025-05-27 20:00:00,1.13319,1.13389,1.1326,1.13266,15185
2025-05-28 00:00:00,1.13243,1.1345399999999999,1.13243,1.13345,9353
2025-05-28 04:00:00,1.13346,1.13387,1.13004,1.13061,18696
2025-05-28 08:00:00,1.13061,1.13342,1.12953,1.13321,24324
2025-05-28 12:00:00,1.1332200000000001,1.13406,1.13074,1.13111,22507
2025-05-28 16:00:00,1.13111,1.13247,1.12838,1.12942,27695
2025-05-28 20:00:00,1.12939,1.1301,1.12843,1.12902,16522
2025-05-29 00:00:00,1.12911,1.12973,1.12103,1.12347,17182
2025-05-29 04:00:00,1.12345,1.12569,1.12235,1.12479,17720
2025-05-29 08:00:00,1.12479,1.12827,1.12308,1.1272,23030
2025-05-29 12:00:00,1.12721,1.13498,1.12681,1.13494,23286
2025-05-29 16:00:00,1.13494,1.13796,1.1339,1.13714,27441
2025-05-29 20:00:00,1.13714,1.13846,1.13609,1.13659,16234
2025-05-30 00:00:00,1.1369,1.13848,1.13644,1.13725,14612
2025-05-30 04:00:00,1.13726,1.13898,1.13455,1.13459,18903
2025-05-30 08:00:00,1.1346,1.13545,1.13233,1.1324,22388
2025-05-30 12:00:00,1.1324,1.13584,1.13231,1.1346,22155
2025-05-30 16:00:00,1.13461,1.13585,1.13125,1.1350500000000001,29293
2025-05-30 20:00:00,1.13506,1.13673,1.13443,1.13468,17765
2025-06-02 00:00:00,1.1349,1.13745,1.1344,1.13687,11434
2025-06-02 04:00:00,1.13685,1.1381999999999999,1.13542,1.13653,14906
2025-06-02 08:00:00,1.13654,1.14367,1.13636,1.14202,23099
2025-06-02 12:00:00,1.14203,1.14371,1.14091,1.14185,23921
2025-06-02 16:00:00,1.1418300000000001,1.14499,1.14044,1.14186,27037
2025-06-02 20:00:00,1.14184,1.14465,1.14162,1.14416,15555
2025-06-03 00:00:00,1.14368,1.14546,1.14356,1.14434,9014
2025-06-03 04:00:00,1.14433,1.14433,1.1415899999999999,1.14254,16577
2025-06-03 08:00:00,1.14255,1.14324,1.14054,1.14117,20761
2025-06-03 12:00:00,1.14116,1.14181,1.1377,1.13821,22985
2025-06-03 16:00:00,1.1381999999999999,1.13949,1.1364,1.13734,25347
2025-06-03 20:00:00,1.13736,1.13818,1.13676,1.13693,12674
2025-06-04 00:00:00,1.13733,1.13892,1.13697,1.13827,9316
2025-06-04 04:00:00,1.13827,1.13933,1.13648,1.13667,17146
2025-06-04 08:00:00,1.13668,1.1404,1.1357,1.13996,22637
2025-06-04 12:00:00,1.13995,1.14109,1.1374900000000001,1.14091,23505
2025-06-04 16:00:00,1.14092,1.14346,1.13928,1.14329,27161
2025-06-04 20:00:00,1.14331,1.14335,1.14101,1.14171,16448
2025-06-05 00:00:00,1.14154,1.14295,1.14143,1.14291,10630
2025-06-05 04:00:00,1.14291,1.14349,1.14078,1.14105,16611
2025-06-05 08:00:00,1.14105,1.14252,1.14046,1.14128,20436
2025-06-05 12:00:00,1.1412499999999999,1.14484,1.14095,1.14294,24404
2025-06-05 16:00:00,1.14295,1.14948,1.14182,1.14477,31535
2025-06-05 20:00:00,1.14475,1.14481,1.14311,1.14433,18603
2025-06-06 00:00:00,1.1443699999999999,1.14572,1.14413,1.14503,8286
2025-06-06 04:00:00,1.14501,1.14524,1.14331,1.14397,13415
2025-06-06 08:00:00,1.14398,1.14423,1.14115,1.14146,18932
2025-06-06 12:00:00,1.14145,1.14309,1.13851,1.1396600000000001,22461
2025-06-06 16:00:00,1.13965,1.14163,1.13715,1.13872,28355
2025-06-06 20:00:00,1.13873,1.14019,1.13847,1.13926,14815
2025-06-09 00:00:00,1.13943,1.14111,1.13898,1.13941,12196
2025-06-09 04:00:00,1.1394,1.14253,1.13939,1.14184,13547
2025-06-09 08:00:00,1.14185,1.14361,1.14121,1.14284,18686
2025-06-09 12:00:00,1.14284,1.14392,1.13945,1.14005,19140
2025-06-09 16:00:00,1.14001,1.14257,1.13864,1.14245,23286
2025-06-09 20:00:00,1.14247,1.14309,1.1418300000000001,1.14191,13920
2025-06-10 00:00:00,1.142,1.14357,1.14175,1.14243,8103
2025-06-10 04:00:00,1.1424400000000001,1.14282,1.13861,1.13997,16486
2025-06-10 08:00:00,1.13996,1.14145,1.13728,1.14082,24642
2025-06-10 12:00:00,1.14082,1.1440299999999999,1.14034,1.14321,21383
2025-06-10 16:00:00,1.14321,1.14475,1.14155,1.14237,22851
2025-06-10 20:00:00,1.14238,1.14363,1.14163,1.1423,12224
2025-06-11 00:00:00,1.14227,1.14394,1.14204,1.1421000000000001,11918
2025-06-11 04:00:00,1.14209,1.1427,1.1406,1.14157,14254
2025-06-11 08:00:00,1.1415899999999999,1.14385,1.14053,1.14308,19386
2025-06-11 12:00:00,1.14309,1.14892,1.14265,1.14604,22830
2025-06-11 16:00:00,1.14603,1.14962,1.14528,1.14896,26600
2025-06-11 20:00:00,1.14895,1.14995,1.14792,1.14861,18641
2025-06-12 00:00:00,1.1485400000000001,1.15266,1.1482999999999999,1.15213,12024
2025-06-12 04:00:00,1.15212,1.1529,1.15064,1.15154,16857
2025-06-12 08:00:00,1.15153,1.15473,1.15057,1.15442,22296
2025-06-12 12:00:00,1.15441,1.16314,1.15399,1.16099,27855
2025-06-12 16:00:00,1.161,1.16173,1.15668,1.1576,27869
2025-06-12 20:00:00,1.15761,1.15876,1.15636,1.15833,14654
2025-06-13 00:00:00,1.15788,1.16145,1.15392,1.15587,14079
2025-06-13 04:00:00,1.15589,1.15602,1.15139,1.15253,22091
2025-06-13 08:00:00,1.15252,1.15603,1.15118,1.15288,22773
2025-06-13 12:00:00,1.15285,1.15357,1.1488800000000001,1.15164,24707
2025-06-13 16:00:00,1.15163,1.15694,1.1501000000000001,1.15545,25616
2025-06-13 20:00:00,1.15547,1.15555,1.15332,1.15471,18248
2025-06-16 00:00:00,1.15261,1.15473,1.15251,1.15347,14730
2025-06-16 04:00:00,1.15344,1.15439,1.15233,1.15356,16714
2025-06-16 08:00:00,1.15357,1.15865,1.15356,1.15786,22792
2025-06-16 12:00:00,1.15783,1.1586,1.15697,1.1584,20843
2025-06-16 16:00:00,1.1584,1.16145,1.15782,1.1584,25287
2025-06-16 20:00:00,1.15842,1.1585,1.15546,1.15588,14343
2025-06-17 00:00:00,1.15572,1.15639,1.15424,1.155,12745
2025-06-17 04:00:00,1.15501,1.15671,1.15456,1.1561,18054
2025-06-17 08:00:00,1.1561,1.15722,1.15453,1.15512,22080
2025-06-17 12:00:00,1.15518,1.15797,1.15475,1.15504,23151
2025-06-17 16:00:00,1.15505,1.15695,1.14985,1.15026,28021
2025-06-17 20:00:00,1.15027,1.15085,1.14746,1.14789,21239
2025-06-18 00:00:00,1.14775,1.14966,1.14745,1.14922,11654
2025-06-18 04:00:00,1.14922,1.15077,1.14892,1.15057,16796
2025-06-18 08:00:00,1.15055,1.15233,1.14983,1.1502,20307
2025-06-18 12:00:00,1.15021,1.15167,1.1491500000000001,1.15061,21013
2025-06-18 16:00:00,1.1506,1.15302,1.1484,1.15031,25207
2025-06-18 20:00:00,1.15033,1.1529099999999999,1.14606,1.14797,23321
2025-06-19 00:00:00,1.14753,1.1489,1.14709,1.14811,11384
2025-06-19 04:00:00,1.14812,1.14821,1.14504,1.14692,17416
2025-06-19 08:00:00,1.14693,1.1479300000000001,1.1446,1.14765,23343
2025-06-19 12:00:00,1.14763,1.14874,1.14676,1.14776,22450
2025-06-19 16:00:00,1.14772,1.14847,1.14545,1.14566,18182
2025-06-19 20:00:00,1.14565,1.15002,1.14554,1.14934,9333
2025-06-20 00:00:00,1.1492499999999999,1.15239,1.14901,1.15228,11171
2025-06-20 04:00:00,1.15227,1.15324,1.15109,1.15271,18488
2025-06-20 08:00:00,1.1527,1.15295,1.15099,1.15227,20961
2025-06-20 12:00:00,1.15226,1.1535,1.15053,1.15127,20562
2025-06-20 16:00:00,1.15129,1.15372,1.1494900000000001,1.1536,25319
2025-06-20 20:00:00,1.15361,1.15439,1.15138,1.15209,14570
2025-06-23 00:00:00,1.14565,1.15075,1.14529,1.14892,15233
2025-06-23 04:00:00,1.1489099999999999,1.15068,1.14721,1.14905,19184
2025-06-23 08:00:00,1.14907,1.15209,1.14802,1.14817,22697
2025-06-23 12:00:00,1.14818,1.14829,1.14535,1.14677,24928
2025-06-23 16:00:00,1.14675,1.15572,1.1464699999999999,1.1544699999999999,30065
2025-06-23 20:00:00,1.15448,1.15817,1.15404,1.15753,21651
2025-06-24 00:00:00,1.15751,1.16087,1.15738,1.1599,14934
2025-06-24 04:00:00,1.15992,1.16144,1.15866,1.16062,17699
2025-06-24 08:00:00,1.16062,1.16222,1.15799,1.15926,25537
2025-06-24 12:00:00,1.1592500000000001,1.1617899999999999,1.15918,1.16007,24728
2025-06-24 16:00:00,1.16006,1.16414,1.1582,1.1623999999999999,29537
2025-06-24 20:00:00,1.16239,1.16324,1.16078,1.16083,16765
2025-06-25 00:00:00,1.16056,1.16267,1.16044,1.16251,9195
2025-06-25 04:00:00,1.16252,1.16318,1.16112,1.16139,14881
2025-06-25 08:00:00,1.16139,1.16224,1.159,1.16101,20763
2025-06-25 12:00:00,1.161,1.16134,1.15901,1.15928,21774
2025-06-25 16:00:00,1.15929,1.1636,1.15901,1.16311,25571
2025-06-25 20:00:00,1.16311,1.16651,1.1627,1.16581,17581
2025-06-26 00:00:00,1.16578,1.1689,1.16535,1.1682299999999999,10200
2025-06-26 04:00:00,1.16824,1.17175,1.16672,1.168,17359
2025-06-26 08:00:00,1.168,1.17453,1.16716,1.17277,22619
2025-06-26 12:00:00,1.17277,1.17307,1.16898,1.1706699999999999,25905
2025-06-26 16:00:00,1.17073,1.17403,1.16901,1.17293,28782
2025-06-26 20:00:00,1.17292,1.17322,1.16939,1.16999,18720
2025-06-27 00:00:00,1.16993,1.17028,1.16807,1.16919,10507
2025-06-27 04:00:00,1.16917,1.17095,1.1685,1.16851,15172
2025-06-27 08:00:00,1.16854,1.17269,1.16834,1.17095,18603
2025-06-27 12:00:00,1.17097,1.17495,1.17013,1.1746699999999999,19569
2025-06-27 16:00:00,1.17469,1.17535,1.17054,1.17222,25850
2025-06-27 20:00:00,1.17222,1.17237,1.1688,1.17194,19679
2025-06-30 00:00:00,1.17291,1.17386,1.17158,1.17179,10228
2025-06-30 04:00:00,1.1718,1.17346,1.17117,1.17303,15902
2025-06-30 08:00:00,1.17302,1.17507,1.17134,1.17296,24053
2025-06-30 12:00:00,1.17288,1.1733,1.17077,1.17134,21012
2025-06-30 16:00:00,1.17135,1.17716,1.17105,1.17627,28086
2025-06-30 20:00:00,1.17628,1.17883,1.17604,1.17865,17910
2025-07-01 00:00:00,1.1785700000000001,1.1798,1.17748,1.17975,10365
2025-07-01 04:00:00,1.17977,1.18073,1.17778,1.17864,14786
2025-07-01 08:00:00,1.17864,1.18173,1.17673,1.18043,22585
2025-07-01 12:00:00,1.18044,1.18297,1.17966,1.18038,23112
2025-07-01 16:00:00,1.18038,1.18114,1.1761300000000001,1.17653,28264
2025-07-01 20:00:00,1.17653,1.18066,1.17653,1.18056,19820
2025-07-02 00:00:00,1.18041,1.18082,1.17975,1.18078,8080
2025-07-02 04:00:00,1.1807699999999999,1.1810100000000001,1.1788,1.17963,14867
2025-07-02 08:00:00,1.17962,1.17982,1.177,1.17757,21296
2025-07-02 12:00:00,1.17756,1.17881,1.1746699999999999,1.17565,24428
2025-07-02 16:00:00,1.1756199999999999,1.1794,1.17505,1.17884,27481
2025-07-02 20:00:00,1.17886,1.18034,1.17883,1.17982,16415
2025-07-03 00:00:00,1.17971,1.18089,1.17876,1.18066,8371
2025-07-03 04:00:00,1.18066,1.1810100000000001,1.17877,1.17895,12120
2025-07-03 08:00:00,1.17896,1.181,1.17868,1.1797900000000001,18849
2025-07-03 12:00:00,1.1798,1.18001,1.17171,1.17382,22893
2025-07-03 16:00:00,1.17382,1.17895,1.17336,1.17522,25922
2025-07-03 20:00:00,1.17524,1.17599,1.17443,1.17558,10058
2025-07-04 00:00:00,1.17561,1.17714,1.17507,1.17668,8267
2025-07-04 04:00:00,1.1767,1.17801,1.17558,1.17801,13401
2025-07-04 08:00:00,1.17803,1.17854,1.1767400000000001,1.17744,19628
2025-07-04 12:00:00,1.17739,1.17822,1.17637,1.17665,18218
2025-07-04 16:00:00,1.17665,1.17873,1.17664,1.17743,14667
2025-07-04 20:00:00,1.17746,1.1783299999999999,1.17721,1.17737,18214
2025-07-07 00:00:00,1.17819,1.17901,1.17732,1.17798,8057
2025-07-07 04:00:00,1.17798,1.17808,1.1764000000000001,1.1766,13952
2025-07-07 08:00:00,1.17662,1.17739,1.17232,1.17242,21270
2025-07-07 12:00:00,1.17243,1.1736,1.1718,1.1722299999999999,20667
2025-07-07 16:00:00,1.17224,1.17454,1.16873,1.16943,24314
2025-07-07 20:00:00,1.1694499999999999,1.17238,1.16866,1.17076,18828
2025-07-08 00:00:00,1.17073,1.17479,1.1706699999999999,1.17435,10118
2025-07-08 04:00:00,1.17435,1.175,1.17307,1.17415,15565
2025-07-08 08:00:00,1.17415,1.17653,1.17317,1.17488,22725
2025-07-08 12:00:00,1.17487,1.17506,1.17138,1.1721,21072
2025-07-08 16:00:00,1.17212,1.1722,1.16826,1.17085,25656
2025-07-08 20:00:00,1.17084,1.17298,1.17074,1.17243,19584
2025-07-09 00:00:00,1.17241,1.17294,1.17169,1.17246,7778
2025-07-09 04:00:00,1.1724700000000001,1.17258,1.17013,1.17126,14977
2025-07-09 08:00:00,1.1712500000000001,1.1728399999999999,1.17023,1.17132,20019
2025-07-09 12:00:00,1.17132,1.17198,1.16894,1.17154,20129
2025-07-09 16:00:00,1.17155,1.17246,1.17003,1.17051,22476
2025-07-09 20:00:00,1.17051,1.17236,1.17039,1.17192,16178
2025-07-10 00:00:00,1.17121,1.17495,1.17118,1.1743999999999999,8243
2025-07-10 04:00:00,1.17439,1.17446,1.17302,1.17351,12640
2025-07-10 08:00:00,1.17349,1.17433,1.1726,1.17277,17804
2025-07-10 12:00:00,1.17278,1.1734499999999999,1.17016,1.17064,18672
2025-07-10 16:00:00,1.17064,1.17145,1.16624,1.16853,26084
2025-07-10 20:00:00,1.16852,1.1700599999999999,1.16814,1.16998,15224
2025-07-11 00:00:00,1.17003,1.17075,1.16646,1.16746,10223
2025-07-11 04:00:00,1.16746,1.16859,1.16684,1.16765,16089
2025-07-11 08:00:00,1.16763,1.16958,1.16702,1.1682,20339
2025-07-11 12:00:00,1.16822,1.17011,1.16812,1.16885,22161
2025-07-11 16:00:00,1.16885,1.17139,1.16741,1.16914,24782
2025-07-11 20:00:00,1.16915,1.16959,1.16785,1.16885,17344
2025-07-14 00:00:00,1.16676,1.1694,1.16609,1.16934,13527
2025-07-14 04:00:00,1.16934,1.16978,1.16726,1.16749,14301
2025-07-14 08:00:00,1.16749,1.16888,1.1654200000000001,1.16825,19944
2025-07-14 12:00:00,1.16826,1.16971,1.16795,1.1685699999999999,18742
2025-07-14 16:00:00,1.16856,1.16959,1.16599,1.16624,23216
2025-07-14 20:00:00,1.16623,1.1673,1.1659,1.16639,13444
2025-07-15 00:00:00,1.16635,1.16772,1.16595,1.16723,7254
2025-07-15 04:00:00,1.16724,1.16799,1.16653,1.16761,12237
2025-07-15 08:00:00,1.1676,1.16927,1.16718,1.16867,17571
2025-07-15 12:00:00,1.16867,1.1691,1.16623,1.16781,19940
2025-07-15 16:00:00,1.1678,1.16791,1.15937,1.15961,30198
2025-07-15 20:00:00,1.15963,1.16053,1.15929,1.16005,16169
2025-07-16 00:00:00,1.15987,1.16135,1.15958,1.1608100000000001,8553
2025-07-16 04:00:00,1.1608,1.16198,1.1606,1.16197,13510
2025-07-16 08:00:00,1.16196,1.16284,1.16126,1.16254,22289
2025-07-16 12:00:00,1.16254,1.1626400000000001,1.15929,1.15985,23858
2025-07-16 16:00:00,1.15985,1.1721300000000001,1.15619,1.1639,36898
2025-07-16 20:00:00,1.16392,1.16585,1.16202,1.16399,21591
2025-07-17 00:00:00,1.16368,1.16426,1.1617,1.16239,8552
2025-07-17 04:00:00,1.16238,1.1629,1.16136,1.16243,14049
2025-07-17 08:00:00,1.16244,1.16273,1.15731,1.16014,21957
2025-07-17 12:00:00,1.16016,1.1604700000000001,1.1556899999999999,1.15871,18144
2025-07-17 16:00:00,1.1587,1.16026,1.1577600000000001,1.15862,26425
2025-07-17 20:00:00,1.15861,1.16004,1.15797,1.15951,17800
2025-07-18 00:00:00,1.1589800000000001,1.16277,1.15896,1.16247,9689
2025-07-18 04:00:00,1.16249,1.16343,1.16183,1.16193,15406
2025-07-18 08:00:00,1.1619,1.16456,1.16119,1.16355,20806
2025-07-18 12:00:00,1.16355,1.16585,1.16321,1.16563,22919
2025-07-18 16:00:00,1.16564,1.16718,1.16263,1.16285,27980
2025-07-18 20:00:00,1.16284,1.16299,1.1616900000000001,1.16214,17448
2025-07-21 00:00:00,1.16319,1.1636199999999999,1.16188,1.16191,11230
2025-07-21 04:00:00,1.16191,1.1630099999999999,1.16144,1.16293,12385
2025-07-21 08:00:00,1.16294,1.16521,1.16277,1.1642299999999999,21624
2025-07-21 12:00:00,1.16424,1.16731,1.1633499999999999,1.16651,21176
2025-07-21 16:00:00,1.16651,1.17168,1.1657899999999999,1.17001,26394
2025-07-21 20:00:00,1.17,1.17016,1.16859,1.1694499999999999,15186
2025-07-22 00:00:00,1.1689,1.16959,1.16835,1.1688399999999999,6313
2025-07-22 04:00:00,1.16886,1.16958,1.16824,1.1688399999999999,9802
2025-07-22 08:00:00,1.16885,1.17033,1.16816,1.16986,17979
2025-07-22 12:00:00,1.16985,1.17093,1.1683,1.16905,19023
2025-07-22 16:00:00,1.16905,1.17603,1.16788,1.17551,28044
2025-07-22 20:00:00,1.17551,1.17556,1.17417,1.17533,12440
2025-07-23 00:00:00,1.17532,1.17559,1.17334,1.17473,10559
2025-07-23 04:00:00,1.17473,1.17487,1.17304,1.1735,15908
2025-07-23 08:00:00,1.17351,1.17527,1.1727,1.17328,20948
2025-07-23 12:00:00,1.17327,1.17393,1.17202,1.1724999999999999,20707
2025-07-23 16:00:00,1.17249,1.17606,1.17109,1.17511,26934
2025-07-23 20:00:00,1.17511,1.17753,1.17453,1.1771,19629
2025-07-24 00:00:00,1.17663,1.1779,1.17621,1.17671,7654
2025-07-24 04:00:00,1.17671,1.178,1.17669,1.17743,13481
2025-07-24 08:00:00,1.17742,1.17783,1.17549,1.1758,19291
2025-07-24 12:00:00,1.17581,1.17592,1.17318,1.17358,20632
2025-07-24 16:00:00,1.1736,1.17887,1.17304,1.17624,27835
